676,3,20729.54524,14977,10152.5,789.4945095,53,901,3.399329001,0.077310469,0.038085472,0.052713795,1.149037993,1.318301222,0.492630199,0.681845496,0.722495348,0
1725,3,65025,65025,48154.5,1847.192994,92,1582,1,0.038508459,0.028407428,0.028407428,1.810973523,1.810973523,0.737693195,0.737693195,1,0
514,2,18142,14201,11280.5,561.2203434,62,305,0.487046632,0.049727126,0.030934866,0.039519776,0.97773579,1.13437637,0.622092382,0.794732765,0.782769265,0
492,83,6807.69467,4847.5,1323.5,598.8670928,52,15,0.124904567,0.447583776,0.087969147,0.123541432,1.140181259,1.214193981,0.196542305,0.276018566,0.7120619,0
988,5,54314.98572,33316,25395.5,1076.641697,54,1504,1.197183127,0.042450978,0.019822185,0.032316055,1.150258373,1.313623106,0.466942956,0.761255853,0.613385046,0
866,2,17072.8995,13419,10028.5,966.2396762,55,298,3.863128673,0.096720688,0.056594937,0.072005341,1.494359385,1.699571859,0.585137867,0.744466801,0.785982486,0
421,2,12629,9954.5,8011.5,457.0365778,48,287,0.421965318,0.057040447,0.036189451,0.04591256,0.928936134,1.070083499,0.634452451,0.804912351,0.788225513,0
1851,36,65025,65025,47715.5,1952.482317,100,1038,1,0.040957015,0.030026641,0.030026641,1.91419835,1.91419835,0.733125721,0.733125721,1,0
265,5,5170.904666,4774,4593.5,279.4974738,39,1564,1.270044485,0.060846299,0.054051949,0.058545763,0.964805398,1.080774905,0.888335852,0.962191035,0.923242703,0
432,2,7548,5859,4515,467.6223643,29,52,0.181372549,0.103456275,0.061953148,0.079812658,0.97017088,1.069219506,0.598834128,0.771462707,0.776232114,0
1595,2,65025,65025,46599,1736.246817,77,714,1,0.037290925,0.02670122,0.02670122,1.702202761,1.702202761,0.716024606,0.716024606,1,0
601,7,18685.55504,13311,10609,702.4823169,60,515,0.295536026,0.066168918,0.03759494,0.052774571,1.078221828,1.254657118,0.568166157,0.797573436,0.712368456,0
917,9,25815.88613,18656.5,14957,1000.256921,55,341,1.413564028,0.066819661,0.038745791,0.053614393,1.533334718,1.903771271,0.579856137,0.802374508,0.722675174,0
470,2,13680,10787,8452.5,498.1665206,44,423,0.422222222,0.058884932,0.036415681,0.046182119,0.972981486,1.11611682,0.618421053,0.784277371,0.788523392,0
1013,14,65025,64292,64132.5,1015.899495,60,440,1,0.015829774,0.015623214,0.015801336,0.995979897,1.002748498,0.986951173,0.998203509,0.988727413,0
383,2,9735,7252.5,6115.5,420.693432,31,79,0.310734463,0.068802589,0.043214528,0.058006678,0.906666879,1.051228521,0.628094504,0.84308859,0.744992296,0
790,6,22528.50249,17902,14512,958.9991236,74,524,3.660111745,0.065915123,0.042568259,0.053569385,1.311513889,1.457403029,0.645804132,0.812702491,0.794637815,0
860,8,29657.08753,20219.5,16664.5,937.8721452,63,478,1.46045965,0.056139839,0.031623879,0.046384537,1.337451143,1.630073196,0.563305482,0.826232103,0.68177632,0
1732,8,65025,64940,56406,1846.322937,55,429,1,0.032693906,0.028394047,0.028431212,1.810120526,1.820876727,0.868481353,0.869618109,0.99869281,0
821,7,30039.45432,19670,16517.5,903.4284941,62,317,1.63636381,0.054530164,0.030074731,0.045929257,1.264597621,1.549238458,0.551524666,0.842272496,0.654805503,0
1013,3,65025,64863,64857,1015.899495,41,284,1,0.015667427,0.015623214,0.015662234,0.995979897,1.00235736,0.997178008,0.999668532,0.997508651,0
1017,2,65025,65015,65014.5,1018.242641,34,366,1,0.015662259,0.015659249,0.015661657,0.998277099,1.000610648,0.999807766,0.999961547,0.999846213,0
477,4,15037.75294,9573,7149,547.830515,30,239,2.286829772,0.076603582,0.036430344,0.057226629,1.027695507,1.254258915,0.475569723,0.747048992,0.636597771,0
591,3,23065.90741,15358.5,12771,668.4579316,47,526,0.813423035,0.052327522,0.028980344,0.043523647,1.094505424,1.32618178,0.553826033,0.831754403,0.665852842,0
364,5,6558.519973,5684,4948,388.8528123,44,1288,0.698412682,0.078587876,0.05928972,0.068411825,1.181313481,1.376570464,0.754438504,0.870513723,0.866658945,0
750,7,21122.49948,14632,12442.5,865.1513636,69,464,0.33521127,0.06971405,0.040958759,0.059127349,1.290621106,1.531518227,0.587525165,0.848141061,0.692721049,0
1095,11,30608.03387,21254.5,18069.5,1177.428494,100,964,1.21015984,0.064970534,0.038467956,0.055396669,1.674883154,2.0844236,0.592083114,0.85264297,0.69440919,0
1852,15,65025,65025,50314,1950.582822,77,967,1,0.038768963,0.029997429,0.029997429,1.9123361,1.9123361,0.773748558,0.773748558,1,0
1568,1,65025,65025,53643,1665.754395,26,305,1,0.031054911,0.025617138,0.025617138,1.633092544,1.633092544,0.824898116,0.824898116,1,0
1881,12,65025,65025,50004.5,1987.452879,79,905,1,0.039682787,0.030564443,0.030564443,1.948483215,1.948483215,0.770219146,0.770219146,1,0
929,8,27520.03889,18395.5,15458,1042.908723,91,900,2.399964547,0.067217217,0.037896339,0.056693687,1.43225322,1.745448695,0.563789174,0.843439972,0.668440189,0
842,11,28016.368,20324,15372,953.0092282,63,605,0.373517224,0.061755393,0.034016159,0.04689083,1.266725171,1.532311598,0.550820863,0.759299351,0.725433075,0
1035,10,28794.23241,19949.5,16916,1118.256921,100,836,1.246451672,0.06591747,0.038836143,0.056054383,1.637568548,2.032497641,0.589163127,0.85037219,0.692829721,0
906,10,27497.84302,18882.5,16340,998.7838326,88,948,0.542289357,0.060927459,0.036322261,0.052894682,1.437943668,1.785960256,0.596155851,0.868158348,0.686690225,0
956,14,29389.71809,19846.5,16772.5,1067.837655,98,658,2.167843592,0.063618567,0.036333715,0.053804835,1.447530647,1.777507988,0.571118102,0.845741063,0.675287185,0
926,8,29440.00242,20779,11362,1096.655978,65,675,0.35652172,0.0960042,0.03725054,0.05277713,1.406655468,1.676507461,0.388009479,0.549737716,0.705808366,0
830,9,25276.20267,18870.5,13962.5,925.2691138,63,471,2.055808161,0.066001078,0.036606334,0.04903257,1.365360585,1.662299073,0.554632362,0.742905593,0.746571795,0
1014,3,65025,64843.5,64733.5,1016.485281,58,555,1,0.015686017,0.015632223,0.015675978,0.996554197,1.002193415,0.99657055,0.999359998,0.997208766,0
698,4,22560.75387,15437,13468.5,762.617312,72,660,1.743172192,0.056548814,0.033802829,0.049401912,1.221847305,1.521060868,0.597763713,0.87361534,0.68424132,0
1324,7,34324.11285,25483.5,20253.5,1441.636645,100,463,0.838135464,0.07107961,0.042000696,0.056571375,1.937785721,2.412959636,0.590896554,0.795887535,0.742437251,0
965,6,57629.98532,42956,23923.5,1055.712765,100,632,1.128318601,0.044178552,0.01831881,0.024576608,1.097414656,1.211617185,0.414653932,0.556301797,0.745375862,0
1752,7,65025,65025,51351.5,1819.93102,67,698,1,0.035487306,0.027988174,0.027988174,1.784246098,1.784246098,0.788681276,0.788681276,1,0
1066,10,28349.06362,19919.5,16862.5,1147.185853,100,761,1.117244782,0.067864757,0.040466446,0.057591097,1.700738426,2.135894807,0.596280718,0.848615678,0.702651074,0
1680,4,65025,65025,50796,1773.61226,67,551,1,0.034919126,0.027275852,0.027275852,1.738835549,1.738835549,0.781114956,0.781114956,1,0
1665,3,65025,64964.5,51251,1759.026473,63,464,1,0.034365718,0.027051541,0.027076734,1.724535758,1.729422982,0.787166474,0.787899545,0.999069589,0
656,11,17995.08006,13446.5,11382.5,751.2691138,65,293,3.641756252,0.065825735,0.041748584,0.055870979,1.151229085,1.324971824,0.634228909,0.848771056,0.747232019,0
539,5,17840.33657,12860,10677,619.7716399,63,367,0.402450638,0.058104499,0.034739907,0.048193751,1.049467292,1.250281243,0.597886702,0.829432348,0.720838418,0
840,12,31975.61639,23370.5,19564,947.6955199,85,191,0.584080696,0.048381434,0.029638069,0.04055093,1.278463973,1.529665373,0.612591787,0.83815066,0.73088505,0
936,10,30592.26509,22243.5,17786.5,1060.264061,93,677,2.691892813,0.059508563,0.034657913,0.047666242,1.34697032,1.635595875,0.582402119,0.800998044,0.727095556,0
1375,16,36592.29385,26431.5,21710.5,1493.050858,100,578,0.962813754,0.068793091,0.04080233,0.056487557,1.950930681,2.440484742,0.593116684,0.821122524,0.722324217,0
1869,8,65025,64998.5,44621,1982.080296,85,539,1,0.044391993,0.030481819,0.030494247,1.943215976,1.946892028,0.686651288,0.686931237,0.999592464,0
715,4,20710.67112,14950.5,12574,823.1097335,64,615,3.969628083,0.065443032,0.039743267,0.055055666,1.146520111,1.323809481,0.607295627,0.841276211,0.721874241,0
573,2,17349.55194,13366.5,11014.5,619.8061298,62,1049,0.306302627,0.056256513,0.035724619,0.046370114,0.996812098,1.144836865,0.635030809,0.824262148,0.770423354,0
948,19,29547.38036,23085,18041,1076.406197,87,650,0.494892191,0.059496252,0.036429835,0.046627949,1.473438894,1.722658522,0.612304705,0.783712367,0.781287536,0
1627,14,44483.04718,32469.5,26836.5,1764.104681,100,807,0.872415671,0.065713236,0.03965791,0.054331132,2.086202943,2.59346264,0.603499574,0.826791296,0.729929761,0
846,2,31620,30355,28704.5,870.8528123,46,281,0.48627451,0.030338018,0.027541202,0.028688941,1.148882338,1.163934319,0.907811512,0.945643222,0.959993675,0
968,7,26754.20496,20140,16132,1040.901583,91,387,1.831560517,0.064408241,0.038906093,0.051683296,1.520787159,1.825692445,0.604054578,0.802432969,0.752778863,0
794,2,33150,31149,27617,814.7106769,57,307,0.509803922,0.029504606,0.024576491,0.026155276,1.058065814,1.08241715,0.832971342,0.886481107,0.939638009,0
933,7,27184.58886,18267.5,15856,1035.310744,99,436,2.095183829,0.064968827,0.038084473,0.05667501,1.468263355,1.815859003,0.586196101,0.87234159,0.671979999,0
1019,5,65025,65001,64897.5,1019.414214,100,173,1,0.015688726,0.015677266,0.015683054,0.9994257,1.000396266,0.999269512,0.999638467,0.999630911,0
766,5,28260.9723,20055,17245,871.2102387,91,157,0.472747525,0.05048153,0.030827327,0.043441049,1.209722493,1.477111637,0.610665472,0.860533533,0.709635882,0
1749,14,65025,65025,49274.5,1846.340181,89,301,1,0.037519995,0.028394313,0.028394313,1.810137433,1.810137433,0.756778162,0.756778162,1,0
773,6,24918.18088,18716.5,15446.5,847.1442233,79,473,2.30461604,0.054872185,0.033997033,0.045261893,1.23267184,1.472361807,0.619567699,0.824860417,0.751118233,0
960,12,30869.0666,20913.5,18137,1071.009228,100,882,2.148048809,0.058872539,0.034695226,0.051211382,1.418998982,1.755933979,0.589327829,0.869868745,0.677490521,0
779,4,30090,29762,25676.5,810.0660154,80,619,2.161016949,0.03155753,0.026921436,0.027218131,1.085879377,1.093129177,0.853090728,0.86249244,0.989099369,0
2024,7,65025,65025,46718,2146.607207,100,805,1,0.046078376,0.033012029,0.033012029,2.10451687,2.10451687,0.716432141,0.716432141,1,0
893,17,34236.42777,23762,20435.5,1015.192994,98,208,0.53532023,0.049651187,0.029652422,0.042723382,1.307321037,1.614769195,0.59721476,0.860470499,0.694056055,0
885,19,33495.95921,23401.5,20044,1003.879285,96,216,0.532353373,0.050017652,0.029970161,0.042898074,1.305859233,1.610736245,0.599191678,0.857658697,0.698636509,0
734,22,26046.01283,19120,14892,887.2590091,81,197,3.458133238,0.059408035,0.034065061,0.04640476,1.146614988,1.320439676,0.573408302,0.781119247,0.734085487,0
875,20,34118.04689,23797.5,20401.5,993.0508584,100,279,0.529472402,0.048642005,0.029106322,0.041729209,1.278878934,1.577979273,0.598378332,0.857884232,0.697504757,0
1666,5,65025,65025,49946.5,1768.724957,70,523,1,0.0354461,0.027200691,0.027200691,1.734044076,1.734044076,0.767381776,0.767381776,1,0
1694,1,65025,65025,48289,1795.068103,68,435,1,0.037198858,0.027605815,0.027605815,1.75987069,1.75987069,0.742114571,0.742114571,1,0
1571,2,65025,65025,48522.5,1667.511754,71,503,1,0.034416812,0.025644164,0.025644164,1.634815445,1.634815445,0.745105729,0.745105729,1,0
1578,3,65025,65025,48305,1675.754395,66,525,1,0.034729221,0.025770925,0.025770925,1.642896466,1.642896466,0.742053057,0.742053057,1,0
849,2,34424.9881,33387,31424,875.0954529,46,254,1.88888909,0.027849326,0.025420356,0.026210664,1.121917423,1.137179356,0.912781724,0.941159733,0.96984783,0
1622,2,65025,60708,50942,1696.558437,38,261,1,0.033329897,0.026090864,0.027946209,1.663292585,1.733453861,0.782806613,0.838472689,0.93361015,0
756,10,30341.62826,22434.5,17816,892.6904676,95,2056,3.294955126,0.050086431,0.029421311,0.039790968,1.082972881,1.271269931,0.587410796,0.794446054,0.739396706,0
1672,2,65025,65025,49384,1763.955405,47,280,1,0.035714829,0.027127342,0.027127342,1.729368045,1.729368045,0.759554018,0.759554018,1,0
1020,4,65025,65025,65025,1020.828427,51,347,1,0.015699256,0.015699015,0.015699015,1.000812183,1.000812183,0.999984621,0.999984621,1,0
939,5,65025,39621,24259,1028.055911,83,448,1,0.042366978,0.015810164,0.025947248,1.007897952,1.157671565,0.373171857,0.612440373,0.609319493,0
1699,2,65025,65025,48212.5,1785.570629,46,199,1,0.037054643,0.027459756,0.027459756,1.750559441,1.750559441,0.74106113,0.74106113,1,0
1653,2,65025,65025,48550,1742.884338,41,186,1,0.035966535,0.026803296,0.026803296,1.708710135,1.708710135,0.745228758,0.745228758,1,0
603,5,20778.16333,14336.5,12242.5,675.4873692,44,241,2.246898283,0.055180114,0.032509484,0.047116616,1.081699632,1.33942804,0.589152169,0.853869494,0.689979175,0
486,15,14918.45572,11323.5,9845.5,549.7888849,42,188,0.643850765,0.055821798,0.036852935,0.048552911,1.098586467,1.35272298,0.660188976,0.869784077,0.759026283,0
1020,2,65025,65025,65014,1022.485281,42,197,1,0.015727397,0.015724495,0.015724495,1.00243655,1.00243655,0.999815456,0.999815456,1,0
877,17,32367.92622,23701.5,19895.5,997.5361396,97,461,0.48338698,0.050179136,0.030818661,0.042087469,1.299374132,1.576284429,0.614172804,0.838744383,0.732252658,0
840,9,24245.36504,18404,14649,951.0092282,92,722,2.778325136,0.064893158,0.039224372,0.051674051,1.347201564,1.544533713,0.604445426,0.796294284,0.759072919,0
756,3,30526.63907,21909.5,18499,871.9797907,87,581,0.412069704,0.047012065,0.028564553,0.039799164,1.134399785,1.347786112,0.607600462,0.846573404,0.717717399,0
1517,38,53804.98578,34480.5,25718.5,1656.589962,100,1258,0.82745096,0.064429923,0.030788782,0.048044256,1.777457274,2.036199747,0.477864637,0.745682342,0.640842099,0
648,16,20728.88893,14180,12475,725.8721452,84,559,2.582699341,0.058186144,0.035017417,0.051189855,1.130755438,1.366667869,0.601817109,0.879760226,0.684069467,0
972,9,24277.94169,19507,11916.5,1070.582822,66,331,2.390742149,0.088911454,0.044096935,0.054881982,1.566592155,1.845221942,0.495964615,0.617265597,0.803486566,0
638,11,24408.37693,16994,14878,724.984843,73,289,0.457435251,0.048692648,0.029702296,0.042661224,1.076725568,1.313035075,0.609995496,0.876132753,0.69623638,0
708,7,24206.45669,17719.5,14679.5,827.293499,74,498,0.360983094,0.056328283,0.034176563,0.046688309,1.173693516,1.373542911,0.606738945,0.82886086,0.732015438,0
716,4,26285.12295,19442,16537.5,790.5584369,71,459,0.518675678,0.047779429,0.030076269,0.040662403,1.156197111,1.406495099,0.629481552,0.851044131,0.739657944,0
761,5,29469.36424,21845,18646.5,844.2569212,80,446,0.489990362,0.045247845,0.02864863,0.038647605,1.155232931,1.405135503,0.633149051,0.85413138,0.741278292,0
800,4,33184.36245,24250,20597,912.6660824,80,560,0.409697834,0.044224746,0.027502896,0.037635715,1.137420307,1.37842073,0.621889302,0.851010309,0.730765885,0
825,5,33262.90916,24310.5,20648,949.678275,89,673,0.347935546,0.045939208,0.028550668,0.039064531,1.139322479,1.363848912,0.621488033,0.850352728,0.730859105,0
1748,4,65025,65025,49920.5,1846.582822,90,857,1,0.037060627,0.028398044,0.028398044,1.810375316,1.810375316,0.766259131,0.766259131,1,0
692,2,22110.7785,15210.5,13064.5,785.6122596,73,803,3.23753119,0.060048327,0.035530737,0.051649338,1.12168345,1.321575847,0.591702368,0.860129516,0.687922409,0
846,5,28340.75385,19701.5,17316,924.7005723,100,887,0.827629705,0.053250825,0.032627946,0.046935542,1.367084183,1.698820118,0.612721881,0.881404969,0.695164995,0
1358,26,30263.41557,24157.5,16680,1550.195082,100,995,0.341824537,0.092560012,0.051223401,0.064170344,1.94134748,2.213792571,0.553407462,0.693283659,0.79824103,0
542,2,24519.32663,17373.5,15552,608.2741661,54,175,1.646142914,0.039069572,0.024807947,0.035011608,0.941749892,1.138426421,0.634968498,0.896134918,0.708563504,0
733,2,27062.29635,19244,16639,824.5411919,83,511,0.474467017,0.049514559,0.030468264,0.042846663,1.170760307,1.436174321,0.615339504,0.86533465,0.711100039,0
1703,6,65025,65025,49732.5,1801.168609,82,690,1,0.036229518,0.027699633,0.027699633,1.765851577,1.765851577,0.764559785,0.764559785,1,0
787,4,34634.08241,25379.5,21949,906.7077125,84,612,0.417443397,0.041156928,0.026179637,0.035725988,1.110397675,1.33091995,0.636093076,0.868043106,0.732789733,0
912,2,51000,38055,28214.5,970.8183224,75,588,0.784313725,0.034454283,0.019035653,0.025510927,1.066833321,1.177968443,0.552490196,0.740428327,0.746176471,0
789,2,25496.1798,17154.5,14954,881.369619,91,840,2.244140545,0.058732524,0.034568693,0.051378333,1.274429716,1.553297056,0.588578372,0.874785042,0.672826287,0
784,5,28451.61632,20299.5,18159.5,859.3868639,100,845,0.789473676,0.047167226,0.030205204,0.042335371,1.264878342,1.560101061,0.640385411,0.897559053,0.713474404,0
670,6,24510.0815,17697,15380.5,759.4701242,79,689,0.404033849,0.049300235,0.03098603,0.04291519,1.098094252,1.329333841,0.628516882,0.870486523,0.722029423,0
1305,9,35199.7075,26588.5,20962.5,1432.163556,100,736,0.879704602,0.067995896,0.040686803,0.053864022,1.904460294,2.342869116,0.598371449,0.792165786,0.75536139,0
793,5,28382.82621,21109,17492,872.1147858,72,517,0.535862823,0.049714396,0.030726848,0.041314832,1.233645051,1.511232217,0.618067414,0.831043631,0.743724386,0
748,3,30228.84277,22307.5,19177,862.3229365,67,522,0.39758227,0.044835592,0.028526495,0.038656189,1.118833093,1.309583452,0.636246652,0.862176398,0.737954151,0
670,2,19416.43257,15594,12276.5,727.9898953,59,970,0.336446846,0.059282565,0.037493494,0.046683974,1.133749677,1.2890365,0.632453977,0.787482365,0.803134146,0
524,2,13688,10108.5,8287,560.4507914,34,762,0.245762712,0.0676138,0.040944681,0.055443517,0.953147604,1.073621422,0.60556692,0.820002968,0.738493571,0
638,2,24787.75523,18534.5,15870,746.523947,85,448,2.687637983,0.046995527,0.030116642,0.040277534,1.053979718,1.225285127,0.640840603,0.857050366,0.747728055,0
753,3,18060.6049,13074,10754,855.3107439,65,539,4.411375422,0.07927251,0.047357813,0.065420739,1.235114245,1.413899673,0.59740524,0.825263883,0.72389602,0
748,5,29702.15099,22067,18897,861.4945095,65,492,0.401838096,0.045555206,0.029004449,0.039039947,1.130202499,1.336838269,0.636687895,0.856981012,0.742942826,0
739,25,13978,11131.5,10218,766.7523071,100,947,0.2406639,0.075057736,0.054854221,0.06888131,1.282194493,1.366176307,0.730827014,0.917711,0.796358563,0
701,11,16943.9681,16537,14594,735.3797237,100,653,0.259183394,0.050418547,0.043400679,0.04446875,1.142059397,1.162883365,0.860807806,0.881991897,0.975981535,0
663,16,13514.99644,12659,10209.5,698.2081507,100,388,4.811320872,0.068354609,0.051661734,0.055155079,1.133454931,1.152440611,0.755790062,0.806896279,0.936663214,0
601,8,11730,11250,10342.5,604.7279218,100,429,0.180392157,0.058470188,0.051553958,0.053753593,1.004531432,1.011194354,0.881713555,0.919333333,0.959079284,0
874,15,20145,19851,18464,893.8822498,100,472,0.309803922,0.048454155,0.044372413,0.045029583,1.338147081,1.346097899,0.915760735,0.92932346,0.985405808,0
895,21,30340.26036,27002,18386,959.2030984,100,637,2.393402876,0.052211474,0.03161486,0.035523409,1.255288084,1.347413475,0.605515569,0.680375528,0.889972587,0
637,32,9685,7462.5,5769.5,666.4091612,100,594,0.436241611,0.115766379,0.06880838,0.08930106,1.55703075,1.733453575,0.594372741,0.771390285,0.770521425,0
405,20,9812.858755,7915,7381.5,451.8061298,56,989,0.549826348,0.061199611,0.046042253,0.057082265,1.09107369,1.333924034,0.752329182,0.932722678,0.806594714,0
793,16,18894,13240,10212,832.3502861,100,473,0.467661692,0.081727162,0.044053683,0.062866336,1.410763197,1.61419948,0.539033556,0.769222054,0.700751561,0
2020,30,65025,65025,41729,2185.685415,100,665,1,0.052589818,0.033613001,0.033613001,2.142828838,2.142828838,0.639154171,0.639154171,1,0
696,16,17928,12120.5,9582,734.1076455,100,620,0.384259259,0.076805571,0.040947548,0.060567439,1.227604758,1.39369339,0.53313253,0.788581329,0.676065373,0
800,43,16170,11449,8591.5,847.2203434,100,385,0.269387755,0.098939664,0.052394579,0.073999506,1.362090584,1.564238789,0.529560915,0.747925583,0.708039579,0
810,21,17010,12014,8077.5,853.078208,100,392,0.288065844,0.105880378,0.05015157,0.071007009,1.362744741,1.499105048,0.473662551,0.67063426,0.706290417,0
785,51,13056,10633,5362.5,835.9482652,100,373,3.1875,0.157147902,0.0640279,0.078618289,1.559604972,1.759630287,0.407437194,0.500282141,0.814414828,0
714,32,12143.99518,9674.5,7281,765.3624787,100,739,0.358695629,0.105421829,0.063023945,0.079111321,1.530725238,1.788923115,0.597826324,0.750426379,0.796648867,0
410,40,6944,5946.5,5426,433.1959581,100,682,1.806451613,0.079837073,0.062384211,0.072848896,1.244815972,1.364734122,0.781394009,0.91246952,0.856350806,0
808,38,11985,10283,7086,851.078208,100,1002,5.425531915,0.120651858,0.071011949,0.082765556,1.409069881,1.515955777,0.588569045,0.68598658,0.857989153,0
673,29,14965,11206,8732.5,706.5512966,100,632,2.808219178,0.081012589,0.047213585,0.06305116,1.270775713,1.424594523,0.582793184,0.778288417,0.748813899,0
636,10,19927.82331,15146.5,12437,749.4945095,78,128,0.296939834,0.060268134,0.037610455,0.049483017,1.115380197,1.28523855,0.624052101,0.821047767,0.760067959,0
641,2,16827.17725,14046,10984.5,703.5462443,42,221,3.275350644,0.063967472,0.041810117,0.050088726,1.147926758,1.284479424,0.65361527,0.783034316,0.834721106,0
1799,1,65025,65025,54332.5,1862.374671,51,156,1,0.034323476,0.028640902,0.028640902,1.825857521,1.825857521,0.8344406,0.8344406,1,0
510,3,13513.17543,9916,7732.5,567.1614683,25,258,0.278634331,0.073257746,0.041970999,0.057196598,1.007091584,1.157247319,0.572922334,0.78075837,0.733802358,0
632,2,28013.99702,18628.5,15908.5,744.6660824,82,418,0.339901503,0.04686087,0.026581929,0.03997456,0.967938372,1.163958493,0.567252149,0.853047749,0.664971157,0
598,2,19699.99394,15111,12802,660.1320307,66,103,0.507614214,0.051520489,0.03350925,0.043685529,1.111333556,1.302592465,0.650406291,0.847925352,0.767056073,0
1918,1,65024.98444,64953,49292.5,2019.89653,62,259,1,0.041096572,0.031063391,0.031097817,1.980290953,1.990558418,0.75586331,0.756700999,0.998892973,0
768,6,33405,29920.5,27562.5,801.1370831,53,109,0.51372549,0.029084664,0.02398255,0.026775525,1.037742336,1.082563566,0.824577159,0.920606273,0.895689268,0
771,2,33914.98816,32819.5,31463,789.6396092,58,214,1.917293444,0.025100196,0.02328291,0.024060074,1.017576976,1.031817872,0.927598732,0.958561221,0.967698996,0
1702,2,65025,65025,53494.5,1769.102593,62,174,1,0.033092699,0.027206499,0.027206499,1.734414307,1.734414307,0.82212995,0.82212995,1,0
1024,3,35954.98792,33815,31911,1071.220343,69,138,1.808510813,0.033577417,0.029793372,0.031678851,1.352551147,1.397818127,0.887303872,0.943457046,0.940481473,0
1274,7,65025,65025,63612.5,1313.7645,100,585,1,0.020656025,0.020203991,0.020203991,1.288004411,1.288004411,0.978116109,0.978116109,1,0
1308,4,35955,34693.5,27476.5,1385.872145,91,210,0.552941176,0.050397183,0.038544629,0.039946161,1.749838567,1.780137938,0.764817133,0.792626861,0.964914476,0
1569,1,65025,65025,56183.5,1615.80613,39,176,1,0.02873336,0.024848999,0.024848999,1.584123657,1.584123657,0.864813533,0.864813533,1,0
829,2,37994.98767,32682,27518.5,854.2670258,48,158,0.584313676,0.031058044,0.022483677,0.026138762,1.05726133,1.110212735,0.723924435,0.841610061,0.86016609,0
1560,1,65025,65025,55493.5,1613.84776,49,139,1,0.029103509,0.024818881,0.024818881,1.582203686,1.582203686,0.8527797,0.8527797,1,0
655,8,19444.61812,13278.5,10290.5,734.1147858,57,835,0.495453549,0.071255985,0.037754137,0.055285972,1.238975762,1.525557847,0.529838125,0.7758783,0.682888186,0
1571,1,65025,65025,55013.5,1616.149276,45,139,1,0.029373584,0.024854276,0.024854276,1.584460074,1.584460074,0.846143791,0.846143791,1,0
850,6,30089.99251,28273.5,26591,887.2792184,51,262,2.16101697,0.033397795,0.029487519,0.031382009,1.189382476,1.221693482,0.882918133,0.939643129,0.939631341,0
1570,1,65025,65007.5,53779.5,1615.563489,51,118,1,0.030046933,0.024845267,0.024851955,1.583885774,1.589179415,0.826881968,0.827104565,0.999730873,0
391,2,12331.44938,10309,9896.5,429.521859,38,92,1.660303096,0.04340139,0.034831417,0.041664745,0.936722133,1.087389452,0.80254151,0.95998642,0.835992565,0
379,2,11484,9947.5,9527,405.92388,34,33,0.659090909,0.04260997,0.035346907,0.040806623,0.926766849,1.068492773,0.829545455,0.957677808,0.866205155,0
1479,2,65025,65025,54578.5,1531.605119,100,202,1,0.028051633,0.023554096,0.023554096,1.501573646,1.501573646,0.839669358,0.839669358,1,0
1658,1,65024.98444,64494,53026,1788.891478,55,194,1,0.033771148,0.027510833,0.027737332,1.753815384,1.780550169,0.814625339,0.821332217,0.991834147,0
1529,1,65025,64980,55589,1625.511754,48,181,1,0.029295098,0.024998258,0.02501557,1.593638975,1.596700222,0.853325644,0.85391659,0.999307958,0
1411,1,65025,65025,56599.5,1505.026473,41,171,1,0.026580007,0.023145351,0.023145351,1.47551615,1.47551615,0.870780469,0.870780469,1,0
1620,1,65025,64977,54915,1732.666082,48,234,1,0.031512187,0.026646153,0.026665837,1.698692238,1.704824507,0.845582468,0.846207119,0.999261822,0
1581,1,65025,65007,56873.5,1666.742202,52,179,1,0.029372753,0.025632329,0.025639427,1.634060983,1.639124821,0.872656671,0.872898303,0.999723183,0
611,2,26958.46268,20656,16102,724.908723,74,1229,2.796610092,0.044990456,0.026889839,0.035094342,0.972356969,1.118845283,0.59767874,0.780039698,0.766215798,0
1478,1,65025,65024.5,57947,1533.504614,49,185,1,0.026419692,0.023583308,0.02358349,1.503435896,1.504299816,0.892641292,0.892648156,0.999992311,0
1573,1,65025,65014.5,56585.5,1651.286359,57,249,1,0.029214156,0.025394638,0.02539874,1.618908195,1.622701222,0.869257978,0.869398365,0.999838524,0
1822,4,65024.98444,64382.5,50178,1920.582822,68,299,1,0.038338813,0.029536075,0.029830821,1.882924561,1.94400196,0.770396186,0.778084107,0.990119422,0
1015,2,65025,64947.5,64925,1017.071068,59,144,1,0.015666167,0.015641231,0.015659896,0.997128498,1.001645095,0.998408304,0.999599677,0.998808151,0
680,8,18174.24884,13567.5,10341.5,734.676187,77,1138,0.339543695,0.070873643,0.040424019,0.05414971,1.185301089,1.411024449,0.570367452,0.764031693,0.746523288,0
1847,4,65025,63251.5,46476.5,1962.565577,78,382,1,0.042351894,0.030181708,0.031027969,1.924083899,2.001556285,0.712641292,0.732622942,0.972725875,0
1950,2,65025,64985.5,47113,2059.352374,74,303,1,0.043817873,0.031670163,0.031689413,2.018972916,2.024606505,0.722768166,0.723207485,0.999392541,0
1657,1,65024.98444,64113.5,49881.5,1745.227484,56,91,1,0.035028199,0.026839337,0.027220905,1.711007542,1.742515226,0.766220868,0.777114024,0.98598255,0
1007,2,65024.98444,64787,64758,1012.384776,49,178,1,0.015634441,0.015569166,0.015626357,0.992534213,1.005013633,0.995824921,0.999482921,0.996340108,0
1684,1,65025,65025,53210,1800.808218,48,210,1,0.033912248,0.02769409,0.02769409,1.765498253,1.765498253,0.816639754,0.816639754,1,0
1561,1,65024.98444,64872.5,54199.5,1626.859953,46,72,1,0.030036648,0.025018998,0.025077806,1.594960929,1.611236914,0.832949065,0.834906933,0.997654987,0
615,2,23422.26244,17985.5,14633.5,703.2274836,26,353,2.33248057,0.048085574,0.030023892,0.039099691,1.052913781,1.237187865,0.624384601,0.813127241,0.76788056,0
1012,2,65025,64940.5,64834.5,1016.970562,32,138,1,0.015685276,0.015639686,0.015660036,0.997029963,1.003522363,0.997093426,0.998390835,0.9987005,0
589,2,22745.30409,15053.5,10944,671.4284941,47,109,1.30336877,0.061326072,0.029519434,0.044602816,1.103301172,1.358301889,0.481352105,0.727305942,0.661828918,0
1009,2,65024.98444,64919.5,64907,1013.556349,38,126,1,0.015615156,0.015587183,0.01561251,0.993682814,1.001689447,0.99820862,0.999830559,0.998377786,0
709,15,31909.04453,23785,19603.5,852.7320977,96,2310,0.375361121,0.043459068,0.026723837,0.035851675,1.063245651,1.239702235,0.614919697,0.824952701,0.745399944,0
574,2,21672.23243,14448,7590.5,663.4701242,42,107,1.242030578,0.087195443,0.030613834,0.045921243,1.120118999,1.361988018,0.351094426,0.526647287,0.666659517,0
1006,2,65025,64835,64823.5,1011.79899,38,153,1,0.015610568,0.015560154,0.015605753,0.991959794,1.003353522,0.996770473,0.999691525,0.997078047,0
1012,2,64770,64319.5,64231.5,1014.485281,38,55,0.996078431,0.015795309,0.015662888,0.015772593,0.996547428,1.002341041,0.991616489,0.998561867,0.993044619,0
1506,1,65024.98444,64921,57748,1626.950353,34,120,1,0.028171813,0.025020388,0.025060464,1.595049557,1.607480608,0.888135545,0.889558078,0.998400854,0
409,3,9900,8055,7362,452.4924215,29,104,0.44,0.061467421,0.045706305,0.056175347,1.047436161,1.225138984,0.743585859,0.913904407,0.813636364,0
1030,2,65025,65025,64622,1039.941125,34,99,1,0.016090936,0.015992943,0.015992943,1.019550122,1.019550122,0.993910035,0.993910035,1,0
996,2,65025,64480.5,64442,1005.941125,42,68,1,0.015610023,0.015470067,0.015600703,0.986216789,1.005446593,0.991034218,0.99940292,0.991626298,0
2093,34,65025,65025,39110,2253.300639,100,983,1,0.057874138,0.034652836,0.034652836,2.209118274,2.209118274,0.598762015,0.598762015,1,0
1479,2,65024.98444,64962,49255,1547.345234,55,83,1,0.031468335,0.023796165,0.023819236,1.517005313,1.531243306,0.756193953,0.756927127,0.999031381,0
1386,3,65025,61395,44348.5,1468.842708,62,158,1,0.033170947,0.022588892,0.023924468,1.44004187,1.50796033,0.680984237,0.721247659,0.944175317,0
644,3,25190.34496,18870,14188,744.2396762,62,243,2.694644039,0.052389109,0.02954464,0.039440364,1.04170288,1.229272595,0.563946227,0.752835188,0.74909653,0
1526,1,65024.98444,64966.5,57314.5,1643.636645,32,84,1,0.028604386,0.025277002,0.025299757,1.611408668,1.621821415,0.883675721,0.884471227,0.999100585,0
1002,2,65024.98444,64733,64711,1009.455844,41,221,1,0.01559993,0.015524123,0.015594146,0.98966271,1.00348504,0.995140569,0.999629246,0.995509658,0
999,2,65025,64560.5,64522.5,1007.698484,40,164,1,0.01561851,0.015497093,0.015608592,0.98793969,1.004764934,0.992226067,0.999364937,0.992856594,0
1004,2,65024.98444,64751,64727,1010.627417,38,169,1,0.015614415,0.01554214,0.015607904,0.990811311,1.003752026,0.995371249,0.999583018,0.995786474,0
1003,3,65025,64592,64552,1010.04163,33,40,1,0.015645613,0.015533128,0.015637256,0.990236892,1.004420237,0.992810458,0.999465878,0.993341023,0
988,3,65025,63972.5,63781.5,1001.254833,35,48,1,0.015699801,0.015397998,0.015651332,0.981622386,1.008847432,0.980776624,0.996912736,0.983813918,0
1011,2,65024.98444,64921.5,64785.5,1014.727922,36,112,1,0.015633687,0.015605201,0.015630075,0.994831415,1.002250052,0.998177863,0.999768952,0.998408543,0
1470,8,65025,62133,51770,1552.842708,64,256,1,0.030014742,0.023880703,0.024992238,1.522394811,1.591699939,0.795632449,0.832665411,0.955524798,0
926,2,22158.90987,18093,13400.5,1119.023509,88,551,4.221912634,0.083577826,0.050499935,0.061848423,1.478972295,1.644370333,0.604226475,0.740009949,0.816511286,0
1370,6,65025,62393,51392.5,1440.416301,42,107,1,0.028030207,0.022151731,0.023086184,1.412172845,1.470688012,0.790280661,0.823618034,0.95952326,0
405,13,8571.818774,7112,5884.5,458.4335464,48,285,1.888113152,0.077812704,0.053481479,0.06445916,1.17790349,1.391874774,0.687310378,0.828388639,0.829695563,0
1446,3,65024.98444,63955.5,54957,1538.783833,50,205,1,0.027836176,0.023664501,0.024060227,1.508611781,1.551497512,0.850134767,0.864350994,0.983552715,0
1692,2,65024.98444,64653,56106.5,1769.043718,47,179,1,0.031563576,0.0272056,0.027362129,1.734356794,1.753002671,0.861930233,0.866889394,0.994279361,0
1413,6,65024.98444,61652,53380.5,1502.884338,54,139,1,0.028187449,0.023112414,0.024376895,1.473416194,1.566139542,0.81995406,0.864813794,0.94812787,0
1060,2,65025,65025,64927.5,1071.597979,30,76,1,0.01650415,0.016479784,0.016479784,1.050586254,1.050586254,0.998523645,0.998523645,1,0
1345,1,65025,65025,56953,1375.237588,35,86,1,0.024161097,0.021149367,0.021149367,1.348272145,1.348272145,0.875347943,0.875347943,1,0
1410,1,65025,65025,57485.5,1441.480229,38,130,1,0.025057891,0.022168093,0.022168093,1.413215911,1.413215911,0.884675125,0.884675125,1,0
1662,3,65024.98444,63754.5,53318,1738.215291,55,224,1,0.032618039,0.026731499,0.027264198,1.704132842,1.763777267,0.819531146,0.835862567,0.980461596,0
866,4,46665,41605,35534.5,885.8822498,54,224,0.717647059,0.024935465,0.018983869,0.021292687,1.011281107,1.055699359,0.761320047,0.853911789,0.891567556,0
1820,1,65024.98444,64484.5,54120.5,1892.073156,52,225,1,0.035003388,0.029097633,0.029341519,1.854973904,1.890126965,0.831280476,0.838247951,0.99168805,0
555,2,18297.94906,14442,12087.5,682.9919833,50,264,4.482074618,0.056405994,0.03732615,0.047292064,0.974942498,1.09409384,0.66174083,0.838422656,0.789268784,0
572,2,20991.58697,14946,12061.5,663.9554055,47,422,0.342586726,0.055068044,0.031629596,0.044423619,0.998916521,1.184068665,0.574372963,0.806704135,0.711999527,0
1013,2,65025,64825.5,64439,1022.526911,65,236,1,0.015871216,0.015725135,0.015773529,1.002477364,1.008978136,0.990795848,0.993845015,0.996931949,0
1891,2,65025,63621.5,49804,1990.825463,66,213,1,0.040061284,0.030616309,0.031291709,1.951789669,2.005464658,0.764236832,0.781096013,0.978415994,0
711,3,29070,27575.5,26895.5,727.9827551,33,162,2.236842105,0.027055013,0.025042406,0.026399621,0.986426497,1.020908876,0.925610595,0.975775598,0.948589611,0
1413,1,65025,64783,52250.5,1490.457932,55,173,1,0.028526876,0.022921306,0.02300693,1.461233266,1.479557059,0.803498654,0.806500162,0.996278354,0
1690,1,65025,63553,43977.5,1797.69552,61,160,1,0.041004893,0.027646221,0.028286556,1.762446588,1.809627544,0.674217609,0.689833682,0.977362553,0
1018,2,65025,65022.5,65022,1018.828427,46,145,1,0.01566898,0.015668257,0.01566886,0.998851399,1.000174884,0.999953864,0.99999231,0.999961553,0
1007,2,65024.98444,64917,64903,1012.384776,53,213,1,0.015598068,0.015569166,0.015595064,0.992534213,1.000963736,0.998147105,0.999807446,0.998339339,0
1007,2,65024.98444,64895,64873.5,1012.384776,60,206,1,0.015606483,0.015569166,0.015600351,0.992534213,1.001514615,0.997608851,0.999607058,0.998001008,0
1605,2,65024.98444,64525.5,53520.5,1717.251869,56,87,1,0.03219475,0.026409108,0.026613538,1.683580465,1.715227824,0.820292392,0.82664218,0.992318577,0
1008,2,65024.98444,64939,64935,1012.970562,45,184,1,0.015600243,0.015578175,0.015598801,0.993108513,1.000729207,0.998585399,0.999907606,0.998677671,0
750,2,23913.43878,19207.5,14916.5,905.7442904,71,950,3.920757839,0.060290507,0.037875953,0.047155762,1.178440364,1.319057836,0.62822416,0.782142392,0.803209449,0
525,5,13420,10775,9344,565.1787132,62,1068,0.277272727,0.060463088,0.042114658,0.052452781,1.005656073,1.115676808,0.696535022,0.867517401,0.80290611,0
1621,12,65025,65025,53390.5,1696.801077,86,516,1,0.03174825,0.026094596,0.026094596,1.663530468,1.663530468,0.821922338,0.821922338,1,0
1859,1,65025,65025,47589,1999.418389,62,218,1,0.042084602,0.030748457,0.030748457,1.960214107,1.960214107,0.730634371,0.730634371,1,0
1840,1,65025,65025,50622,1950.180801,54,246,1,0.038562461,0.029991246,0.029991246,1.911941962,1.911941962,0.777731642,0.777731642,1,0
1974,1,65025,65025,46060,2142.999124,75,181,1,0.046560621,0.032956542,0.032956542,2.100979533,2.100979533,0.707820069,0.707820069,1,0
1012,2,65025,64983,64954,1016.970562,57,221,1,0.015657263,0.015639686,0.015649794,0.997029963,1.002322396,0.998877355,0.999522952,0.999354095,0
1002,2,65025,64345,64016.5,1011.941125,53,141,1,0.015806887,0.015562339,0.015726803,0.992099142,1.013463733,0.984529027,0.994933561,0.989542484,0
660,4,39020.77139,29747.5,27752,783.4356344,81,145,1.646846904,0.028254315,0.0200774,0.026336184,0.961442226,1.175059335,0.710595896,0.932111942,0.762350383,0
1505,1,65025,65025,40391.5,1613.938161,60,63,1,0.040015822,0.024820272,0.024820272,1.582292314,1.582292314,0.620261438,0.620261438,1,0
1927,3,65025,65025,40909,2031.796025,64,175,1,0.049758067,0.031246383,0.031246383,1.991956887,1.991956887,0.627966167,0.627966167,1,0
1763,1,65025,65025,47425.5,1866.967598,73,238,1,0.039504599,0.028711536,0.028711536,1.83036039,1.83036039,0.726789696,0.726789696,1,0
558,2,13724.40313,9947,7799.5,588.6518018,52,795,4.519333817,0.075419834,0.042890885,0.059178828,0.967681187,1.084150625,0.568695041,0.784658691,0.724767402,0
1012,3,65025,63840.5,62792.5,1032.710677,55,178,1,0.016446795,0.015881748,0.016176419,1.012461448,1.046548187,0.965643983,0.983560592,0.981783929,0
1065,7,65025,65025,64922,1077.012193,76,530,1,0.016590475,0.016563048,0.016563048,1.055894306,1.055894306,0.99834679,0.99834679,1,0
1008,2,65024.98444,64862.5,64784.5,1013.79899,55,88,1,0.015651084,0.015590915,0.015629971,0.993920697,1.003584501,0.996155563,0.998650992,0.9975012,0
609,3,27233.25961,23691,22564.5,747.7615353,56,130,0.426086958,0.033099242,0.027457658,0.031563106,1.037018311,1.186280425,0.829555489,0.953589971,0.869928916,0
941,2,37513.3598,26943,19820,1084.732098,71,136,0.595841111,0.054570851,0.028915888,0.040260257,1.354487801,1.664014667,0.529877892,0.7377612,0.718224125,0
1905,1,65025,65025,49291.5,1985.77164,48,137,1,0.040315734,0.030538587,0.030538587,1.946834941,1.946834941,0.757485582,0.757485582,1,0
1846,1,65025,65025,48774.5,1955.352374,53,103,1,0.040084303,0.030070779,0.030070779,1.917012131,1.917012131,0.750188389,0.750188389,1,0
420,2,14947.17532,10713,10057,475.5046141,27,80,0.523406803,0.047257465,0.031812339,0.044385757,0.923525659,1.105908829,0.673170668,0.939232708,0.716724048,0
1644,1,65025,65025,52875.5,1765.77878,54,194,1,0.033416831,0.027155383,0.027155383,1.731155667,1.731155667,0.812625913,0.812625913,1,0
1792,2,65025,65025,51012.5,1939.46002,53,218,1,0.037897843,0.029826375,0.029826375,1.901431392,1.901431392,0.787020377,0.787020377,1,0
796,2,34425,33291,29003.5,822.5096664,51,292,0.529411765,0.028309688,0.023892801,0.024706667,1.054499572,1.066586652,0.843979666,0.872728365,0.967058824,0
1740,1,65025,62497.5,46574.5,1867.57777,72,270,1,0.040183703,0.028720919,0.02988244,1.830958598,1.913011658,0.714740484,0.743645746,0.961130334,0
1497,1,65025,62561,50522,1592.683327,70,288,1,0.031581748,0.0244934,0.025458086,1.561454242,1.632133191,0.775555556,0.806101245,0.962106882,0
366,33,7219.103337,5362.5,3644.5,407.4213538,74,419,0.332213515,0.111775406,0.056436559,0.07597601,1.037306205,1.212407453,0.504910351,0.67972028,0.742820784,0
1485,1,65025,65014,53156.5,1569.085348,44,181,1,0.029552134,0.024130494,0.024134576,1.538318969,1.542484941,0.816539792,0.816677946,0.999830834,0
1557,3,65024.98444,64511.5,53989,1648.541192,45,206,1,0.030563349,0.025352427,0.025554222,1.616217048,1.649914497,0.829504235,0.836106741,0.992103275,0
1449,1,65025,64523,55126,1529.77164,44,146,1,0.027761787,0.0235259,0.023708935,1.499776118,1.530229797,0.847420223,0.854013298,0.992279892,0
1453,1,65024.98444,64606,54930.5,1527.97265,47,205,1,0.027766428,0.023498239,0.023650631,1.498012582,1.528575156,0.846282402,0.851770733,0.993556562,0
1406,1,65024.98444,64298,53473.5,1506.239676,30,63,1,0.028141914,0.023164014,0.023425918,1.476705742,1.512979965,0.823114384,0.832420915,0.988819921,0
1537,1,65025,65025,54592,1589.605119,40,121,1,0.029138997,0.024446061,0.024446061,1.558436392,1.558436392,0.838946559,0.838946559,1,0
1589,1,65025,65025,54705,1702.908723,35,223,1,0.03117824,0.026188523,0.026188523,1.669518356,1.669518356,0.839961553,0.839961553,1,0
1025,8,22066.83243,17335,13395.5,1151.335129,69,398,0.334616472,0.085782895,0.052174916,0.066416794,1.67965056,1.92735252,0.608220507,0.774242861,0.785568117,0
1526,1,65025,65025,57631,1557.480229,33,150,1,0.027006298,0.023952022,0.023952022,1.526941401,1.526941401,0.886905037,0.886905037,1,0
1531,1,65025,65025,56427,1576.977703,39,399,1,0.027958863,0.024251868,0.024251868,1.546056571,1.546056571,0.867412534,0.867412534,1,0
850,7,13223.99649,10852,7582,903.84776,100,954,0.245689655,0.118833521,0.068349062,0.083288588,1.563750656,1.716186126,0.575166517,0.70088463,0.820629377,0
271,3,6126.51089,4917.5,4668.5,305.3797237,34,531,0.508802244,0.065412814,0.049845618,0.062100605,0.922243886,1.124697568,0.762016111,0.949364514,0.802659146,0
385,2,11356.65511,8758.5,8051.5,421.0365778,28,174,2.186082989,0.052292936,0.037073995,0.048071768,0.91672875,1.08455521,0.708967554,0.919278415,0.7712218,0
596,13,13974.94792,11452,7164,636.5929267,50,660,0.313283553,0.088686671,0.045552436,0.055587926,1.147537817,1.283758267,0.513633399,0.62679008,0.819466381,0
1580,2,65025,65025,50169.5,1673.61226,74,897,1,0.033369467,0.025737982,0.025737982,1.640796333,1.640796333,0.771303345,0.771303345,1,0
640,2,21178.65113,15945.5,13175,778.3473217,46,417,4.743047678,0.05901936,0.036751506,0.048812977,1.014099608,1.142181411,0.622702547,0.827067198,0.752904418,0
551,2,18209.58068,13660.5,10200,645.8549002,47,515,2.960676971,0.063291185,0.035467862,0.047279009,1.039635451,1.21109584,0.560391817,0.747007796,0.750182019,0
662,3,18642,14136.5,9764,705.906635,60,825,0.326359833,0.072185974,0.037866465,0.049935036,1.113417405,1.268895693,0.524568179,0.691755385,0.758314559,0
594,2,19689.99953,15134,11998.5,701.6955199,64,330,3.828876812,0.05843567,0.035637153,0.046365503,1.013177241,1.15441571,0.609852732,0.793445223,0.768613528,0
601,2,28574.99994,19547.5,16751,743.9036707,77,190,3.543307262,0.044535796,0.026033374,0.038056205,0.911645274,1.068257776,0.584549433,0.854508249,0.684076992,0
891,4,32130,30610,26521,922.8944424,74,732,2.023809524,0.03483738,0.028723761,0.030150096,1.211147562,1.231606724,0.824509804,0.865452467,0.952692188,0
1101,2,32356.49844,24234.5,20037.5,1249.70266,85,268,2.72177589,0.06214489,0.038622926,0.051567091,1.539826904,1.799211732,0.621498029,0.829788112,0.748984012,0
1556,1,65025,65025,53172.5,1622.274166,54,517,1,0.030593361,0.024948469,0.024948469,1.590464869,1.590464869,0.815486351,0.815486351,1,0
1611,1,65025,65025,52530.5,1656.977703,77,81,1,0.031553366,0.025482164,0.025482164,1.624487944,1.624487944,0.807589389,0.807589389,1,0
602,24,14088.47573,9706,6903,688.1564159,45,489,1.628552822,0.099473318,0.048845342,0.070900105,1.407373533,1.685483651,0.491039636,0.712754997,0.688931875,0
513,2,16244.12299,14120,12693,624.4234418,57,1184,3.687968012,0.049134315,0.03843996,0.044222623,1.003482959,1.105785963,0.782344483,0.900035411,0.869237447,0
1786,14,65025,65025,45127,1916.891478,99,970,1,0.042533316,0.0294793,0.0294793,1.879305371,1.879305371,0.693087274,0.693087274,1,0
1517,1,65025,65025,53343.5,1577.060963,65,1005,1,0.029610886,0.024253148,0.024253148,1.546138199,1.546138199,0.819061899,0.819061899,1,0
570,2,19440,13045,10190,619.7056246,59,788,0.3375,0.060773328,0.031877861,0.047505222,0.965273559,1.155220487,0.524537037,0.781678804,0.671039095,0
1960,2,65025,65025,51831.5,2063.553385,91,490,1,0.03991322,0.031734769,0.031734769,2.023091553,2.023091553,0.795094195,0.795094195,1,0
574,2,20833,15001.5,12256.5,641.9310203,61,230,0.330677291,0.05234698,0.030813182,0.042791122,0.960974581,1.139370626,0.588633418,0.817451588,0.720083521,0
569,3,19500,13770,11038,639.002088,52,517,0.312,0.05786228,0.032769338,0.04640538,0.974088549,1.149122092,0.566333333,0.801997095,0.706153846,0
828,2,51765,33928.5,27398,885.1614683,64,2005,1.256157635,0.032306342,0.017099613,0.026089025,0.966333481,1.090586937,0.529295856,0.807551174,0.655433208,0
361,6,10164,8666.5,8268.5,402.8355674,56,1097,0.694214876,0.048719304,0.039633566,0.046481921,0.982525774,1.169280632,0.813508461,0.95407604,0.852666273,0
2127,6,65025,65025,57213.5,2212.742202,58,68,1,0.038768687,0.0340291,0.0340291,2.1693551,2.1693551,0.87774702,0.87774702,1,0
503,2,9676,8450.5,7403.5,534.0660154,41,993,0.173728814,0.07217596,0.055194917,0.063199339,0.964018078,1.040633663,0.76472716,0.875628661,0.873346424,0
415,2,10530.85411,7874.5,6720.5,470.0904006,24,298,0.297464617,0.069959134,0.044639342,0.059697809,0.962812507,1.112893334,0.638077399,0.853324021,0.747755112,0
1732,2,65025,65025,55323,1807.386864,51,455,1,0.032645525,0.027795261,0.027795261,1.771947906,1.771947906,0.851426374,0.851426374,1,0
494,2,11700,10389,9493,525.4802289,51,246,4.326923077,0.05536616,0.04491284,0.050580444,0.948520269,1.035218833,0.811196581,0.913562422,0.887948718,0
765,20,25313.72305,18073.5,11267,865.6538898,70,266,2.805626459,0.076834322,0.03419702,0.047896306,1.197360821,1.414218999,0.445074791,0.623371234,0.713980317,0
1034,4,35700,34220.5,26509.5,1077.906635,74,417,0.549019608,0.040760319,0.030193463,0.031498857,1.364438779,1.390250049,0.740756303,0.772782397,0.958557423,0
681,12,23669.89017,17160.5,13386,781.6538898,61,554,0.335628671,0.058291054,0.033023131,0.045549599,1.10186952,1.301651727,0.566521429,0.781416625,0.724992802,0
555,2,28617.28084,20465,16821.5,649.8549002,80,811,0.493812351,0.03862551,0.022708478,0.031754454,0.903560314,1.102711376,0.587913998,0.822110921,0.715127343,0
447,9,12838,10946,9563,496.291411,57,258,0.748091603,0.051883478,0.038658001,0.045339979,1.083605701,1.274311731,0.745092694,0.87388087,0.852625019,0
768,2,40035,31141,28586,803.6223643,32,305,0.615686275,0.028088863,0.020072995,0.025805927,0.97526986,1.053446614,0.714624703,0.918724511,0.777844386,0
642,2,32482.81848,23046.5,18065.5,743.8965304,62,191,0.512701627,0.041176604,0.022901231,0.03227807,0.97686547,1.19137536,0.55617095,0.783893433,0.709498162,0
622,3,21253.39655,15619.5,12759,703.1858535,68,188,3.003759525,0.055104291,0.033085811,0.045019742,1.04397609,1.219234623,0.600421677,0.816991581,0.734917827,0
446,2,9980.034127,8361,7009,472.5096664,33,211,0.289066947,0.067414705,0.047345496,0.056513535,0.986366773,1.091494394,0.702302208,0.838296854,0.837772686,0
794,5,25565.79214,19142.5,15664,939.8031654,80,470,0.25665698,0.059909681,0.036760182,0.049095111,1.184778251,1.371386246,0.613593348,0.819485438,0.748754425,0
604,15,18135,12514,8843,655.3624787,44,285,0.476923077,0.074035526,0.036137992,0.052370344,1.137782081,1.374471214,0.488116901,0.707367748,0.690046871,0
678,6,28232.23858,22084,17645.5,747.5878744,80,902,0.489781746,0.042327476,0.026479936,0.033852014,1.045052827,1.226760995,0.625596867,0.799764535,0.782226317,0
1160,14,59925,37534.5,20940.5,1232.901583,100,364,1.085106383,0.059030048,0.020574077,0.032847156,1.25806284,1.435662286,0.34853567,0.556448068,0.626357947,0
596,2,23954.87155,17467,13930.5,717.7787802,71,1154,3.384177908,0.05153125,0.029963792,0.041093421,0.972975982,1.1346514,0.581468365,0.797446614,0.729162749,0
564,3,18468,14484,11605,603.7644997,55,44,0.355263158,0.052026239,0.032692468,0.041684928,0.97696521,1.111146422,0.628384232,0.801228942,0.784275504,0
643,57,26546.88601,16678.5,11514.5,684.8355674,61,1030,2.244310015,0.059465599,0.025797209,0.041060981,0.970439792,1.146206772,0.43381736,0.690499745,0.628265778,0
560,2,24762.93844,17838.5,15510.5,642.8427076,83,118,0.408533327,0.041455001,0.025959872,0.036036814,0.926873051,1.112204264,0.626218089,0.869299549,0.72037089,0
480,2,13938,10991,8811.5,518.1076455,53,387,0.341584158,0.058789021,0.037172309,0.047139264,0.955918165,1.084781946,0.632300187,0.801837867,0.788563639,0
422,26,8140,7279.5,6785,453.4802289,57,1340,0.672727273,0.066796322,0.055710102,0.062295519,1.232283231,1.425459848,0.834029484,0.932618999,0.894287469,0
638,5,21904.16468,16463,13042.5,757.293499,74,522,3.108405464,0.0580346,0.034573037,0.045999727,1.097909186,1.278573489,0.59573146,0.792625888,0.751592231,0
693,2,24779.03375,18811.5,14913.5,825.9625458,18,215,3.233601439,0.055357565,0.033333122,0.04390732,1.114349569,1.28854486,0.602142124,0.79315844,0.759170038,0
594,3,21159.99701,14294.5,11291.5,701.6955199,48,242,3.19999985,0.062140942,0.033161419,0.049088497,1.027274745,1.211236466,0.533648469,0.789954178,0.675543574,0
747,3,26433.75649,19606,15833,878.3056916,68,323,2.88417599,0.055559078,0.03322667,0.044797801,1.180995487,1.382703807,0.598042129,0.806309293,0.741703133,0
493,3,10340,8669,7629,528.2081507,40,575,0.187234043,0.069268658,0.05108396,0.06093069,0.946609589,1.039685696,0.737475822,0.879628562,0.838394584,0
1315,13,65025,65025,59381,1344.409161,50,1414,1,0.022640202,0.020675266,0.020675266,1.318048197,1.318048197,0.913210304,0.913210304,1,0
464,2,10450,7948.5,6486,496.308656,37,492,0.23923445,0.076496402,0.047493651,0.062440543,0.958124818,1.08332434,0.620861244,0.816254639,0.76062201,0
540,2,13108,10882.5,8666,592.1909058,46,709,0.256637168,0.068279823,0.045177823,0.054416807,1.042589623,1.145311725,0.661657003,0.796967609,0.830218187,0
1607,5,65025,65025,55698.5,1654.634557,61,1492,1,0.02970912,0.025446129,0.025446129,1.622190742,1.622190742,0.856509035,0.856509035,1,0
559,8,23032.0081,16435,13791,656.3401815,59,551,0.360279126,0.047610909,0.028496872,0.039935515,0.954167481,1.136432705,0.598536608,0.838789169,0.71357217,0
851,12,31391.17397,25280.5,14919,953.3107439,77,86,2.811550738,0.063768738,0.030368751,0.037709331,1.183510105,1.364027896,0.476232587,0.591345108,0.805337832,0
743,9,12840.66483,9604,6770,818.8010775,51,318,1.641183352,0.12040307,0.063766253,0.085256255,1.752405692,2.142273339,0.529606534,0.708090379,0.747936351,0
549,2,20715.13199,15121.5,12333,638.0559107,49,534,2.964813138,0.051754545,0.030801441,0.042195279,0.962633181,1.133314089,0.595144651,0.815296102,0.729973625,0
413,2,11328,7993.5,6510.5,449.8650049,32,147,2.765625,0.06907716,0.039712659,0.056278852,0.933329886,1.10260014,0.574902895,0.814724464,0.70564089,0
425,12,11900,9889.5,9356.5,464.3502861,68,1641,0.607142857,0.049607423,0.039021032,0.046953869,1.031889525,1.224778849,0.786596639,0.946508924,0.83105042,0
615,3,12378.50669,10275.5,8533.5,649.3797237,48,581,0.221901862,0.076008629,0.052460264,0.063196898,1.125067935,1.231510194,0.690188261,0.831443725,0.830108208,0
730,3,29560.40806,22551,17908,893.200134,100,591,3.200309787,0.049879943,0.030216096,0.039608006,1.10631362,1.266573066,0.605776482,0.794066782,0.762878508,0
431,2,11553.42876,8336.5,6703,474.4924215,34,157,0.310219972,0.070835623,0.041069403,0.056917462,0.938284412,1.104193776,0.579784594,0.803514664,0.721560688,0
823,4,35445,33674,29452.5,844.9533175,54,525,0.545098039,0.028683809,0.023838435,0.025092158,1.072275784,1.091125313,0.831076315,0.8747847,0.950035266,0
894,2,20540.78871,16346,12046,1057.200134,88,921,3.404160471,0.087429717,0.051468332,0.064676382,1.545114022,1.743509913,0.588682361,0.739752845,0.79578249,0
810,6,26764.45729,20324.5,16509,961.602155,84,451,0.266633318,0.05816963,0.035928326,0.047312463,1.198098467,1.378516192,0.617647495,0.813353342,0.759383976,0
920,4,55845,35559,23986.5,989.5878744,78,355,1.164383562,0.041296494,0.017720259,0.027829463,1.043869066,1.186499112,0.429098397,0.673894092,0.636744561,0
1745,18,65025,65025,51143.5,1836.541192,100,909,1,0.035992615,0.028243617,0.028243617,1.80053058,1.80053058,0.784705882,0.784705882,1,0
763,3,31109.99239,29200,26410.5,780.8111821,68,2721,0.47843137,0.029563303,0.025098405,0.026740109,1.035558723,1.059863238,0.8489716,0.904503425,0.93860518,0
779,2,31875,31501.5,28315,791.0121926,48,1704,2.04,0.027931715,0.024816069,0.025110302,1.040805517,1.044905304,0.888454902,0.898988937,0.988282353,0
1068,29,23793.53151,16172.5,7864,1175.69552,61,372,0.530278997,0.147997925,0.049412401,0.072697203,1.813497703,2.174180824,0.333872254,0.491204205,0.679701539,0
1656,1,65025,65025,51777,1792.690468,59,715,1,0.034637346,0.02756925,0.02756925,1.757539674,1.757539674,0.795940023,0.795940023,1,0
749,6,19281.55896,15901,12668.5,917.58491,76,858,4.51754937,0.072128673,0.04758873,0.057706113,1.272771438,1.404982374,0.659775489,0.800044022,0.824673982,0
837,9,53040,36089,23734.5,914.4579316,100,594,1.225961538,0.038499439,0.017240911,0.025338966,0.987535563,1.108037262,0.447822398,0.658164538,0.680411011,0
887,7,18696,14997.5,12042,952.8599526,60,379,0.359649123,0.078817151,0.050965979,0.063534586,1.536870891,1.749638538,0.646635644,0.806101017,0.802176936,0
1004,10,48177.9866,26934,24046,1074.416301,96,422,1.01376147,0.0447189,0.02230098,0.039890707,1.223708942,1.427300311,0.498692488,0.892032375,0.559052005,0
1060,3,59924.98505,38167,23194.5,1162.724957,93,637,1.085106394,0.050197511,0.019403008,0.030464143,1.186454186,1.350545733,0.386533263,0.606885529,0.636912967,0
481,2,18240.16318,13449.5,10862.5,561.7716399,58,1068,2.29383014,0.051702328,0.030798608,0.041768961,0.956301603,1.148231547,0.595690943,0.807873899,0.737356342,0
858,11,52275,35821,24753,944.1564159,100,321,0.803921569,0.038147734,0.018061337,0.026357623,1.026256974,1.150045348,0.473457676,0.690935485,0.685241511,0
472,2,16821,11920,9633.5,536.617312,73,149,0.470899471,0.055688804,0.03190163,0.045018231,0.96513905,1.177629074,0.572855359,0.808389262,0.708638012,0
1084,4,27920.88934,21999.5,18471.5,1238.915863,100,509,0.317864348,0.066543982,0.044372364,0.056315637,1.585978864,1.828081964,0.666812571,0.846291961,0.78792261,0
688,2,20919.82113,15756,12815.5,852.0285611,70,346,3.960570599,0.066383215,0.040728291,0.054076451,1.181659685,1.322494563,0.613532971,0.814610307,0.753161316,0
1549,6,65025,65025,58362,1643.8549,26,20,1,0.028161944,0.025280352,0.025280352,1.611622451,1.611622451,0.897677816,0.897677816,1,0
508,2,17190.39792,12519,10093,600.7838326,57,745,0.29044118,0.059495329,0.034948803,0.047989762,0.956833031,1.117670085,0.587420957,0.806613947,0.728255393,0
401,3,9683.49976,7770,7182,446.9777027,57,451,0.5911602,0.062240159,0.046158694,0.057526088,1.097433914,1.348409842,0.741622366,0.924259974,0.802395848,0
1580,2,65025,65025,50975.5,1629.705625,79,928,1,0.032009617,0.025062755,0.025062755,1.597750612,1.597750612,0.782975779,0.782975779,1,0
582,2,15153.03752,10935,8807.5,698.8082178,41,366,4.177341161,0.079373946,0.046116709,0.063905644,1.120524476,1.269417918,0.581005623,0.805121171,0.721637492,0
704,3,13944.67847,11134,8159.5,748.7350621,45,298,4.353900784,0.091734264,0.053693247,0.067247625,1.235557235,1.366017115,0.585312886,0.733069876,0.798440783,0
760,3,19440,15064.5,10819,830.4163015,67,484,0.329218107,0.076748272,0.042716888,0.055124053,1.285474151,1.448617773,0.556584362,0.71824488,0.77492284,0
391,3,7722,7090.5,6563.5,419.5807341,62,1243,0.787878788,0.063926371,0.054335759,0.059175056,1.185256311,1.350262024,0.8499741,0.925675199,0.918220668,0
638,20,38243,22108,19013.5,708.4163015,100,804,1.371257485,0.037306667,0.018524078,0.032043437,0.894465027,1.036588169,0.496535314,0.858919848,0.578092723,0
1856,1,64770,64770,45275.5,1960.381812,100,383,0.996078431,0.043347304,0.030266818,0.030266818,1.925718872,1.925718872,0.698239926,0.698239926,1,0
796,5,20779.39461,16192.5,12915,892.0975409,70,465,0.298115512,0.069047797,0.042931835,0.055093256,1.301502027,1.515854478,0.621769799,0.797900262,0.779257544,0
600,7,20169,14935,12047.5,644.7350621,68,955,0.325301205,0.053473921,0.031966635,0.043169405,0.976871306,1.126999621,0.597798602,0.807298293,0.740492836,0
750,9,31764.27855,23245,18600,892.4894571,86,1833,0.365071553,0.047849531,0.028097268,0.0383949,1.108248574,1.302719657,0.587200492,0.80240912,0.731796882,0
1288,72,47113.1307,34302,25658,1418.063051,100,240,0.470175823,0.054829797,0.030099105,0.041340536,1.523545517,1.877557293,0.548955241,0.75397936,0.728077279,0
544,6,18334.60884,13289,11941.5,639.2691138,71,186,0.32585292,0.053553582,0.034866799,0.048105133,1.016326761,1.208650017,0.651063794,0.89826172,0.724804119,0
785,2,35189.98801,33039.5,28452.5,804.4680363,35,310,0.541176416,0.028277054,0.022860708,0.024348675,1.023496388,1.045346776,0.808454382,0.861075379,0.938889209,0
870,5,32895,30993.5,28491.5,897.3380935,45,670,1.976744186,0.031507658,0.02727886,0.028952461,1.168408976,1.195319904,0.865785074,0.91890235,0.942194862,0
1040,12,65025,65025,64935.5,1044.142135,64,1787,1,0.01607931,0.016057549,0.016057549,1.02366876,1.02366876,0.998646674,0.998646674,1,0
526,2,16918.37168,12232.5,9923.5,577.3624787,54,580,0.33941603,0.058160822,0.034126362,0.047199058,0.965361474,1.12637032,0.586758595,0.811526671,0.723030575,0
817,3,36471.29235,23490,14003,964.8742331,43,360,0.456816326,0.068779573,0.026455718,0.041075957,1.172009536,1.424187989,0.384644993,0.597211579,0.64406821,0
417,2,12165.90049,8706.5,7436.5,483.6883796,42,264,0.313955826,0.065068727,0.039757713,0.055554859,0.935011681,1.101757403,0.61101108,0.8537874,0.715647806,0
765,2,33150,31758.5,28380,785.2964634,42,394,0.509803922,0.027673208,0.023689184,0.024727127,1.019865537,1.034320483,0.856033183,0.893540312,0.958024133,0
598,12,17830.13885,12350,9785,652.676187,56,178,0.309030651,0.066633608,0.036605222,0.052848274,1.037866209,1.216164151,0.549350742,0.793117409,0.692647438,0
329,3,5875.236079,5381,5086.5,357.5807341,50,1785,1.429780191,0.070299958,0.06086236,0.066452469,1.147886916,1.304942074,0.865752445,0.945270396,0.91587809,0
770,25,30455.86725,20805.5,14856.5,905.8620405,78,520,3.533095249,0.060865554,0.029743433,0.043539547,1.076166351,1.254200569,0.488674313,0.715339694,0.683136022,0
1246,19,28437.99272,23410.5,16397.5,1344.582822,48,410,0.489626555,0.081722654,0.047281214,0.057435032,1.872678264,2.147775289,0.578557009,0.702804297,0.82321211,0
545,9,11617.07975,9111,8080.5,576.8944424,46,1770,0.204687799,0.071322797,0.049659162,0.063318455,1.005053871,1.101231558,0.696259316,0.887773022,0.784276272,0
721,10,14416.8188,11681,8751,810.8843378,46,559,0.246306287,0.092954014,0.056245719,0.069419086,1.344643508,1.472363128,0.605091881,0.746811061,0.810234224,0
619,15,32929,18097.5,14535,669.1198381,100,568,1.483221477,0.045973399,0.020320078,0.036973054,0.904215997,1.047527616,0.441996417,0.804227103,0.549591545,0
638,14,21205.38323,14406,11560.5,693.5046141,71,398,0.349799011,0.059955443,0.032704177,0.048139984,1.043365517,1.246016678,0.545474697,0.802929335,0.679355796,0
593,5,16170,11578.5,9263.5,639.8061298,58,1089,0.269387755,0.069015277,0.039567479,0.055258119,1.028627218,1.194318921,0.57331478,0.800665026,0.716048237,0
786,2,39015,28731.5,24288,846.4751766,89,299,1.666666667,0.034845841,0.021696147,0.029461573,1.03734703,1.176046614,0.622632321,0.84548318,0.736421889,0
602,15,17834,12675,9974,643.4213538,51,144,0.307053942,0.064451703,0.036078353,0.050763026,1.021303736,1.188371812,0.559773466,0.787613412,0.710721095,0
532,26,17320.85378,13553.5,12075.5,602.4163015,84,561,0.909048571,0.049840018,0.034779827,0.044447287,1.143032656,1.395631651,0.697829342,0.891799166,0.782496069,0
511,2,13157,9318.5,7814.5,541.2375883,44,966,0.264573991,0.069251819,0.041136854,0.058082051,0.959641114,1.093694536,0.594018393,0.838707947,0.708254161,0
526,2,18080,13879.5,11092.5,582.3330412,70,362,0.353982301,0.052476619,0.032208686,0.041956341,0.951524577,1.093528417,0.613772124,0.799524479,0.76767146,0
602,2,22000,16758.5,13450.5,650.8771975,79,115,0.352,0.048345629,0.029585327,0.038838631,0.962836091,1.093763374,0.611954545,0.803353522,0.76175,0
1600,1,65025,65025,55478,1652.190906,44,428,1,0.029789065,0.025408549,0.025408549,1.619795006,1.619795006,0.852948866,0.852948866,1,0
641,8,10296,7599,5625.5,682.8355674,39,628,5.318181818,0.121317503,0.066320471,0.089858609,1.228121524,1.351709026,0.546668609,0.740689564,0.738053613,0
568,2,24066.18275,17351,14852.5,678.1808012,68,1623,0.315929653,0.045681045,0.028179824,0.039085978,0.93362917,1.098093095,0.61688221,0.855627918,0.720970176,0
580,2,17817.54252,13364.5,10593,674.4406867,54,398,3.665005864,0.063590485,0.037852621,0.050465089,1.036752299,1.191108681,0.595256051,0.793594972,0.750075381,0
730,2,21234.14114,15324.5,12030,856.7493427,54,445,3.323345102,0.071182232,0.040347728,0.055907165,1.239579118,1.431389777,0.56682302,0.785408986,0.721691539,0
705,7,14710.60155,12173,9399.5,820.5655771,66,1526,5.503906658,0.086571248,0.055780559,0.067408657,1.220195201,1.303935193,0.64433123,0.77864947,0.827498451,0
881,3,52628,28804.5,23706,944.3746713,86,1150,1.058295964,0.039861329,0.017944339,0.032785664,1.028730579,1.196670109,0.450169111,0.822493013,0.547322718,0
513,2,11573.15699,9322.5,7705,587.1442233,34,287,0.200656096,0.076168415,0.050733281,0.062981413,1.018114032,1.120893856,0.666067177,0.826870475,0.805527827,0
599,2,26351.99298,20465,17187.5,654.0904006,80,2012,0.442622944,0.038025196,0.024821288,0.031961417,0.929105803,1.081340959,0.652758978,0.840532617,0.776601603,0
593,2,20172,15785,12849,631.521859,69,685,0.333333333,0.049143758,0.031306854,0.04000772,0.962685761,1.097271025,0.637046401,0.81409566,0.782520325,0
943,2,19567.00707,15705.5,11437,1066.021421,81,856,3.431579175,0.092846877,0.054480556,0.067875675,1.592803619,1.799380698,0.586778548,0.731049632,0.802652135,0
465,16,9982.247125,8298.5,7347,520.0904006,65,557,2.550470509,0.070669258,0.052101535,0.06267282,1.170735876,1.379094514,0.737258846,0.886847021,0.831325842,0
676,2,28754.64854,22359.5,17094,805.2346239,56,159,3.182117636,0.047034733,0.028003633,0.036013087,1.012745411,1.160856439,0.595381995,0.765670073,0.777596011,0
537,2,16047.13053,12288.5,10225,658.3645667,52,301,0.202755255,0.064390881,0.041026934,0.053575666,0.972851509,1.094513026,0.637154411,0.832038084,0.765775537,0
562,2,16948,12588.5,10242,624.9604578,66,687,0.340807175,0.060876725,0.036875175,0.049645348,1.045084378,1.202938807,0.60573519,0.815506216,0.742772008,0
525,5,14421,9509,6692,563.521859,58,1161,0.330143541,0.084088914,0.039076476,0.059261948,1.013528523,1.186202283,0.464704251,0.704753392,0.659385618,0
1388,30,65025,65025,60144,1425.279218,100,283,1,0.023694233,0.021918942,0.021918942,1.397332567,1.397332567,0.925074971,0.925074971,1,0
578,3,15372.44862,12219.5,9982,655.0437181,40,844,3.971953711,0.065635643,0.042611541,0.053606426,1.058872765,1.184486827,0.649213424,0.816727362,0.794896136,0
