"sep=;"
0,676,3,0.07731046900299078,0.038085471733283194,0.05271379511641463,1.1490379934398853,1.3183012217982621,0.492630199046003,0.6818454964278561,3.3993290006917114,0.7224953477391292,53,901,Buerste
1,1725,3,0.03850845854592303,0.02840742781637999,0.02840742781637999,1.8109735232942246,1.8109735232942246,0.7376931949250288,0.7376931949250288,1.0,1.0,92,1582,Buerste
10,514,2,0.0497271259393376,0.03093486624139368,0.039519776308102536,0.9777357898107389,1.1343763699318063,0.6220923823172748,0.7947327652982185,0.48704663212435234,0.7827692646896703,62,305,Buerste
100,492,83,0.44758377641840363,0.08796914695203353,0.12354143225329017,1.140181259264189,1.2141939805069413,0.19654230467415224,0.27601856627127386,0.12490456685623992,0.7120618997817286,52,15,Buerste
101,988,5,0.042450977729214974,0.01982218503679038,0.032316055263787676,1.1502583734837066,1.3136231058653347,0.4669429562548957,0.7612558530435827,1.1971831268429647,0.6133850457609062,54,1504,Buerste
102,866,2,0.09672068831202266,0.05659493727406497,0.07200534139929252,1.4943593849863561,1.6995718586083761,0.5851378672108773,0.744466800804829,3.8631286733833496,0.785982486496773,55,298,Buerste
103,421,2,0.057040446529894276,0.036189451090409205,0.045912559929758186,0.9289361337820689,1.0700834985285659,0.6344524507086864,0.8049123511979507,0.42196531791907516,0.7882255127088448,48,287,Buerste
104,1851,36,0.04095701450240953,0.03002664078203177,0.03002664078203177,1.9141983498545254,1.9141983498545254,0.7331257208765859,0.7331257208765859,1.0,1.0,100,1038,Buerste
105,265,5,0.060846298864905876,0.05405194872228509,0.058545763266850674,0.9648053975003855,1.080774905045223,0.8883358516562205,0.9621910347716799,1.270044484810723,0.9232427029077603,39,1564,Buerste
106,432,2,0.10345627528376283,0.06195314842111924,0.07981265818102203,0.9701708802543735,1.0692195057009608,0.598834128245893,0.7714627069465779,0.18137254901960784,0.7762321144674086,29,52,Buerste
107,1595,2,0.0372909248706692,0.02670121978494306,0.02670121978494306,1.70220276129012,1.70220276129012,0.7160246059207996,0.7160246059207996,1.0,1.0,77,714,Buerste
108,601,7,0.06616891789682249,0.03759493980416521,0.052774571170581916,1.0782218281953722,1.2546571181316697,0.5681661571493005,0.79757343550447,0.29553602577747845,0.7123684564417971,60,515,Buerste
109,917,9,0.06681966138963506,0.038745790724123055,0.05361439290178447,1.5333347177410281,1.9037712713021364,0.5798561369263872,0.8023745075442875,1.413564027530739,0.7226751740917962,55,341,Buerste
11,470,2,0.058884931512476424,0.036415681330084104,0.04618211927278674,0.9729814855381846,1.1161168198634472,0.618421052631579,0.7842773709094281,0.4222222222222222,0.7885233918128655,44,423,Buerste
110,1013,14,0.01582977405697084,0.015623214067930626,0.015801336010190833,0.9959798968305775,1.0027484981705586,0.9869511726259131,0.998203508990232,1.0,0.9887274125336409,60,440,Buerste
111,383,2,0.06880258925070853,0.04321452819449998,0.05800667796945293,0.9066668792531408,1.0512285205385976,0.6280945043656908,0.8430885901413305,0.3107344632768362,0.7449922958397535,31,79,Buerste
112,790,6,0.06591512293444933,0.04256825875939744,0.05356938462592466,1.3115138886283324,1.4574030287363764,0.6458041321068358,0.8127024913417495,3.660111745208089,0.7946378151746908,74,524,Buerste
113,860,8,0.05613983869124469,0.031623878915581424,0.04638453696559924,1.3374511434619216,1.6300731957323464,0.5633054823955762,0.826232102673162,1.460459649818251,0.6817763199627291,63,478,Buerste
114,1732,8,0.03269390569891597,0.028394047466895528,0.02843121245049094,1.8101205260145898,1.8208767266825665,0.868481353325644,0.8696181090237142,1.0,0.9986928104575163,55,429,Buerste
115,821,7,0.05453016412227568,0.030074730537220283,0.04592925745276066,1.2645976209500984,1.549238458416919,0.5515246656837898,0.8422724961870869,1.63636381041211,0.6548055031839533,62,317,Buerste
116,1013,3,0.015667427415577816,0.015623214067930626,0.01566223416689313,0.9959798968305775,1.002357359829727,0.9971780084582853,0.9996685321369656,1.0,0.9975086505190311,41,284,Buerste
117,1017,2,0.01566225942110378,0.015659248606143938,0.015661657165492726,0.998277098641676,1.0006106475046712,0.9998077662437524,0.9999615473352303,1.0,0.9998462129950019,34,366,Buerste
118,477,4,0.07660358176984496,0.036430344150261876,0.0572266285414234,1.0276955067397735,1.2542589147242096,0.4755697228324995,0.7470489919565444,2.286829771848315,0.6365977706321077,30,239,Buerste
119,591,3,0.052327522144723,0.02898034400829739,0.04352364694714744,1.0945054244706205,1.326181780064632,0.5538260330413892,0.831754403099261,0.8134230346832332,0.6658528418698326,47,526,Buerste
12,364,5,0.07858787637231036,0.05928971992082438,0.06841182482234195,1.1813134813517243,1.3765704641849743,0.7544385044830466,0.8705137227304715,0.6984126821667147,0.8666589449235321,44,1288,Buerste
120,750,7,0.06971405025070276,0.04095875890850822,0.05912734852455039,1.2906211064847506,1.5315182267266896,0.5875251654611091,0.848141060688901,0.3352112696603868,0.6927210492366598,69,464,Buerste
121,1095,11,0.06497053354094647,0.038467955800377554,0.05539666866290914,1.6748831535631248,2.0844235999633507,0.5920831137416139,0.8526429697240584,1.2101598400783682,0.6944091897376816,100,964,Buerste
122,1852,15,0.03876896273496764,0.02999742902090622,0.02999742902090622,1.9123361000827714,1.9123361000827714,0.7737485582468281,0.7737485582468281,1.0,1.0,77,967,Buerste
123,1568,1,0.031054911445181438,0.025617137947067853,0.025617137947067853,1.6330925441255757,1.6330925441255757,0.8248981161091887,0.8248981161091887,1.0,1.0,26,305,Buerste
124,1881,12,0.03968278733134973,0.030564442588383763,0.030564442588383763,1.9484832150094649,1.9484832150094649,0.7702191464821223,0.7702191464821223,1.0,1.0,79,905,Buerste
125,929,8,0.06721721652519815,0.037896338991261234,0.05669368720593144,1.4322532197756472,1.745448694602171,0.5637891741181338,0.8434399717322171,2.3999645473799047,0.6684401890039078,91,900,Buerste
126,842,11,0.0617553932237897,0.03401615899086021,0.046890829966026504,1.2667251710141707,1.5323115983763254,0.5508208630069309,0.7592993505215508,0.37351722401939136,0.7254330754116681,63,605,Buerste
127,1035,10,0.06591747007999894,0.03883614277766192,0.0560543833766331,1.6375685481813527,2.032497640861446,0.5891631267178411,0.8503721897791925,1.2464516715847707,0.6928297206789219,100,836,Buerste
128,906,10,0.060927458826941304,0.0363222610533207,0.05289468198332047,1.4379436683908176,1.7859602555432046,0.5961558507879123,0.86815834767642,0.5422893572102271,0.6866902246387333,88,948,Buerste
129,956,14,0.06361856748917857,0.03633371548807554,0.05380483487294296,1.4475306470314422,1.777507987977388,0.5711181015551136,0.8457410626558839,2.167843592074764,0.6752871851363457,98,658,Buerste
13,926,8,0.09600420009857154,0.03725053966251132,0.05277712968506582,1.4066554678298209,1.6765074613494269,0.3880094790047168,0.5497377159632321,0.3565217204300162,0.7058083659493136,65,675,Buerste
130,830,9,0.06600107809252215,0.036606333868597296,0.04903257008447407,1.365360585302325,1.6622990730859981,0.5546323624787086,0.7429055933865027,2.0558081609947125,0.7465717951461924,63,471,Buerste
131,1014,3,0.01568601711720347,0.015632222702483954,0.015675978027543534,0.9965541972833522,1.0021934151040872,0.9965705497885429,0.9993599975325206,1.0,0.9972087658592849,58,555,Buerste
132,698,4,0.05654881447089562,0.03380282930213105,0.04940191176747414,1.221847305446497,1.521060868489307,0.5977637129692364,0.8736153397680897,1.7431721917357244,0.6842413196727052,72,660,Buerste
133,1324,7,0.07107960974461298,0.04200069645026601,0.056571375393499344,1.937785720619705,2.4129596362569132,0.5908965538946164,0.7958875350717131,0.8381354642078277,0.7424372513151295,100,463,Buerste
134,965,6,0.04417855187409033,0.018318810233561945,0.024576607804711787,1.0974146557390327,1.2116171845604198,0.41465393174884696,0.5563017971878201,1.1283186013981104,0.7453758622477548,100,632,Buerste
135,1752,7,0.03548730637742487,0.027988174090885925,0.027988174090885925,1.7842460982939776,1.7842460982939776,0.7886812764321415,0.7886812764321415,1.0,1.0,67,698,Buerste
136,1066,10,0.06786475706822602,0.04046644604970627,0.05759109683884097,1.7007384262730003,2.1358948069907835,0.5962807176783144,0.8486156781043701,1.1172447815437492,0.7026510740530751,100,761,Buerste
137,1680,4,0.034919126232997096,0.027275851743581523,0.027275851743581523,1.738835548653322,1.738835548653322,0.781114955786236,0.781114955786236,1.0,1.0,67,551,Buerste
138,1665,3,0.034365718282805845,0.02705154130203089,0.027076733803301164,1.7245357580044691,1.7294229823748275,0.7871664744329104,0.7878995451361898,1.0,0.9990695886197616,63,464,Buerste
139,656,11,0.0658257350196327,0.04174858411742254,0.05587097860254103,1.1512290853816867,1.3249718239119992,0.6342289091792278,0.848771055665043,3.6417562521143916,0.7472320185120903,65,293,Buerste
14,539,5,0.05810449912746664,0.03473990736423319,0.04819375116198467,1.0494672920639783,1.2502812428657426,0.597886702164364,0.8294323483670295,0.4024506377096402,0.7208384183971989,63,367,Buerste
140,840,12,0.04838143352686154,0.029638068841808772,0.04055093044325812,1.2784639733809426,1.5296653729638712,0.6125917874126986,0.8381506600201108,0.5840806964328477,0.7308850504251824,85,191,Buerste
141,936,10,0.05950856269018119,0.03465791298739754,0.04766624233825424,1.3469703195377565,1.6355958745257646,0.5824021186301653,0.8009980443725133,2.691892812592366,0.7270955562524603,93,677,Buerste
142,1375,16,0.06879309136214944,0.040802330251769214,0.05648755683099371,1.950930681294961,2.440484742465768,0.5931166843044214,0.8211225242608251,0.9628137538884631,0.7223242168863232,100,578,Buerste
143,1869,8,0.04439199310004305,0.03048181923752975,0.03049424672754559,1.9432159763925216,1.9468920276060309,0.6866512879661668,0.6869312368746971,1.0,0.9995924644367551,85,539,Buerste
144,715,4,0.06544303187933481,0.03974326707015253,0.05505566592838592,1.1465201109694203,1.3238094811772756,0.6072956268809789,0.8412762114979432,3.969628082805999,0.7218742412787974,64,615,Buerste
145,573,2,0.05625651280355746,0.035724618827896536,0.04637011407722248,0.9968120979937309,1.1448368648805836,0.6350308088353006,0.8242621479070812,0.30630262698468974,0.7704233543269386,62,1049,Buerste
146,948,19,0.05949625231221849,0.03642983519578833,0.046627948747353556,1.4734388936196197,1.7226585216031847,0.6123047045823237,0.7837123673380983,0.49489219074425134,0.7812875362194861,87,650,Buerste
147,1627,14,0.06571323615258512,0.03965790999362647,0.05433113171235233,2.086202942935216,2.59346264009776,0.6034995735340353,0.8267912964474353,0.8724156707498042,0.729929761146686,100,807,Buerste
148,846,2,0.03033801819509464,0.027541202159715106,0.02868894127129605,1.1488823381137092,1.163934319003954,0.9078115117014548,0.9456432218744852,0.48627450980392156,0.9599936748893105,46,281,Buerste
149,968,7,0.06440824099485772,0.038906092862198205,0.05168329606345062,1.5207871587886088,1.8256924450456113,0.604054578439806,0.8024329692154916,1.8315605173865244,0.752778863299158,91,387,Buerste
15,794,2,0.029504605689656793,0.024576491007797678,0.026155275511525026,1.0580658141668742,1.0824171498720865,0.8329713423831071,0.8864811069376224,0.5098039215686274,0.9396380090497738,57,307,Buerste
150,933,7,0.06496882707966212,0.03808447313092161,0.056675009931734265,1.4682633548057709,1.8158590025514856,0.5861961011582367,0.872341590255919,2.095183829353152,0.6719799992411967,99,436,Buerste
151,1019,5,0.015688726305846945,0.015677265875250593,0.015683054315136228,0.9994256995472254,1.0003962662295085,0.9992695117262591,0.9996384671005062,1.0,0.9996309111880046,100,173,Buerste
152,766,5,0.05048152964973605,0.030827327146411676,0.04344104904987009,1.2097224928724206,1.4771116369707424,0.6106654723085013,0.8605335327848417,0.47274752529931874,0.709635881744524,91,157,Buerste
153,1749,14,0.03751999474633795,0.02839431267158658,0.02839431267158658,1.8101374328136444,1.8101374328136444,0.7567781622452903,0.7567781622452903,1.0,1.0,89,301,Buerste
154,773,6,0.05487218468973055,0.033997033233115564,0.04526189316017445,1.2326718398218939,1.4723618066786872,0.6195676994701139,0.8248604172788716,2.3046160395464104,0.7511182334509433,79,473,Buerste
155,960,12,0.05887253893082249,0.03469522554936073,0.051211381558778905,1.4189989816727684,1.7559339787546484,0.5893278288902906,0.8698687450689746,2.1480488085527996,0.6774905205308428,100,882,Buerste
156,779,4,0.0315575299621239,0.026921436203480874,0.027218131018168792,1.0858793771618493,1.0931291769975364,0.8530907278165504,0.8624924400241919,2.1610169491525424,0.9890993685609837,80,619,Buerste
157,2024,7,0.04607837563427379,0.03301202933176899,0.03301202933176899,2.1045168699002734,2.1045168699002734,0.7164321414840445,0.7164321414840445,1.0,1.0,100,805,Buerste
158,893,17,0.04965118693957934,0.029652421700604576,0.042723381607613374,1.3073210368312196,1.6147691953038188,0.5972147601766034,0.860470499116236,0.5353202300185753,0.6940560551349351,98,208,Buerste
159,885,19,0.050017652049263846,0.02997016085497397,0.04289807428817598,1.30585923311187,1.610736245341337,0.5991916778791512,0.8576586970920668,0.532353372717657,0.6986365088009245,96,216,Buerste
16,734,22,0.059408035428379545,0.03406506074524531,0.04640475989136237,1.14661498778559,1.3204396761297925,0.5734083024225414,0.7811192468619247,3.4581332382494328,0.7340854865965176,81,197,Buerste
160,875,20,0.04864200525965126,0.029106321985050667,0.041729209302591046,1.2788789341768678,1.577979273495944,0.5983783322599671,0.8578842315369262,0.5294724019606812,0.6975047567758108,100,279,Buerste
161,1666,5,0.03544610027187169,0.027200691387406776,0.027200691387406776,1.7340440759471818,1.7340440759471818,0.7673817762399078,0.7673817762399078,1.0,1.0,70,523,Buerste
162,1694,1,0.037198858241740844,0.02760581473761547,0.02760581473761547,1.7598706895229863,1.7598706895229863,0.7421145713187236,0.7421145713187236,1.0,1.0,68,435,Buerste
163,1571,2,0.03441681209468587,0.025644163850727836,0.025644163850727836,1.6348154454838997,1.6348154454838997,0.7451057285659362,0.7451057285659362,1.0,1.0,71,503,Buerste
164,1578,3,0.03472922148321494,0.02577092495206593,0.02577092495206593,1.6428964656942031,1.6428964656942031,0.7420530565167244,0.7420530565167244,1.0,1.0,66,525,Buerste
165,849,2,0.02784932621225877,0.025420356004475838,0.026210664417428975,1.1219174228942457,1.1371793557414547,0.9127817244384985,0.9411597328301434,1.8888890898277204,0.9698478298616643,46,254,Buerste
166,1622,2,0.03332989738852255,0.026090864081054592,0.027946208685355717,1.6632925851672304,1.7334538607381575,0.7828066128412149,0.8384726889372076,1.0,0.9336101499423298,38,261,Buerste
167,756,10,0.0500864314422967,0.02942131055107397,0.03979096782170559,1.082972881147892,1.2712699308981612,0.5874107957754888,0.7944460540685105,3.294955126485574,0.7393967063808116,95,2056,Buerste
168,1672,2,0.035714829023561635,0.027127341875797142,0.027127341875797142,1.7293680445820678,1.7293680445820678,0.7595540176855056,0.7595540176855056,1.0,1.0,47,280,Buerste
169,1020,4,0.01569925607585414,0.01569901464169688,0.01569901464169688,1.0008121834081762,1.0008121834081762,0.9999846212995002,0.9999846212995002,1.0,1.0,51,347,Buerste
17,939,5,0.042366978249222975,0.015810163947812688,0.025947247941912624,1.0078979516730588,1.1576715649095042,0.37317185697808536,0.6124403725297191,1.0,0.6093194925028835,83,448,Buerste
170,1699,2,0.03705464341328147,0.02745975593198771,0.02745975593198771,1.7505594406642166,1.7505594406642166,0.7410611303344867,0.7410611303344867,1.0,1.0,46,199,Buerste
171,1653,2,0.035966535030652204,0.026803296236568394,0.026803296236568394,1.708710135081235,1.708710135081235,0.7452287581699346,0.7452287581699346,1.0,1.0,41,186,Buerste
172,603,5,0.05518011429806197,0.03250948404015455,0.04711661627173478,1.0816996315045762,1.3394280397913354,0.5891521692860346,0.8538694939490112,2.2468982828124395,0.6899791753436455,44,241,Buerste
173,486,15,0.05582179763205996,0.03685293538981489,0.04855291075004712,1.0985864671238734,1.3527229800444973,0.6601889755096181,0.8697840773612399,0.6438507653745276,0.759026283296087,42,188,Buerste
174,1020,2,0.015727397308677022,0.015724494905482802,0.015724494905482802,1.0024365502245285,1.0024365502245285,0.9998154555940023,0.9998154555940023,1.0,1.0,42,197,Buerste
175,877,17,0.05017913627643701,0.030818660822862547,0.04208746870904498,1.299374132338528,1.5762844291618565,0.6141728038737545,0.8387443832668818,0.48338697967685534,0.7322526578140192,97,461,Buerste
176,840,9,0.06489315784575385,0.0392243724460058,0.05167405065363631,1.3472015643588766,1.544533712555486,0.6044454261147096,0.7962942838513367,2.778325136026937,0.7590729186090152,92,722,Buerste
177,756,3,0.04701206548887001,0.028564552706894276,0.03979916432084534,1.1343997854377827,1.3477861120431034,0.6076004619209266,0.8465734042310413,0.41206970437119456,0.7177173992051188,87,581,Buerste
178,1517,38,0.06442992288910578,0.030788781715758246,0.04804425580728943,1.7774572739678198,2.036199746919264,0.47786463703752485,0.7456823421934137,0.8274509597420439,0.6408420985696041,100,1258,Buerste
179,648,16,0.05818614390187846,0.035017416887912406,0.05118985508998123,1.1307554383015976,1.3666678688248846,0.6018171086739074,0.8797602256699577,2.5826993406521535,0.684069467013708,84,559,Buerste
18,972,9,0.08891145437126707,0.04409693523119384,0.0548819819595236,1.5665921547654496,1.8452219420447242,0.4959646149421705,0.617265596965192,2.390742148657466,0.8034865662052089,66,331,Buerste
180,638,11,0.04869264846636247,0.029702296267289742,0.04266122413885317,1.0767255676107128,1.313035075340753,0.6099954962977314,0.8761327527362599,0.457435251437389,0.6962363801520349,73,289,Buerste
181,708,7,0.0563282834474651,0.03417656327922991,0.04668830943271085,1.1736935164327462,1.3735429106114323,0.6067389451181284,0.828860859505065,0.3609830937766487,0.732015438007808,74,498,Buerste
182,716,4,0.047779429280223315,0.030076269320724186,0.04066240288399213,1.1561971108828821,1.4064950985151903,0.6294815524967613,0.8510441312622158,0.5186756781194838,0.7396579441340526,71,459,Buerste
183,761,5,0.04524784528081797,0.02864863029866513,0.03864760453980966,1.1552329308683793,1.4051355030059864,0.6331490509849806,0.8541313801785305,0.48999036215643793,0.7412782924011524,80,446,Buerste
184,800,4,0.04422474596027534,0.027502896395621937,0.0376357147374104,1.1374203073444065,1.378420730044239,0.6218893019832443,0.8510103092783505,0.4096978341634522,0.7307658852107223,80,560,Buerste
185,825,5,0.045939207884345294,0.02855066796851044,0.0390645307578671,1.139322479280462,1.3638489122851887,0.6214880334982801,0.850352728244997,0.34793554581030695,0.730859104528235,89,673,Buerste
186,1748,4,0.03706062742512798,0.02839804416892621,0.02839804416892621,1.8103753157690459,1.8103753157690459,0.7662591311034218,0.7662591311034218,1.0,1.0,90,857,Buerste
187,692,2,0.0600483268077955,0.03553073717736345,0.051649338261489666,1.1216834502035793,1.321575846760083,0.591702368179072,0.8601295157950101,3.2375311902575246,0.6879224085597931,73,803,Buerste
188,846,5,0.05325082477698091,0.032627945508625016,0.0469355415705542,1.3670841825323556,1.6988201183127096,0.6127218807459545,0.8814049691647844,0.8276297048740138,0.695164994731726,100,887,Buerste
189,1358,26,0.09256001204387482,0.051223401347179336,0.06417034385639306,1.9413474798791757,2.213792570723854,0.55340746199232,0.693283659319052,0.3418245374900257,0.798241029560513,100,995,Buerste
19,542,2,0.03906957197682431,0.02480794743650918,0.03501160768452976,0.9417498923978816,1.1384264211834487,0.634968498022579,0.8961349181224278,1.6461429140920993,0.7085635044251576,54,175,Buerste
190,733,2,0.049514558891189865,0.03046826408472202,0.04284666347617643,1.1707603071577637,1.4361743214530365,0.6153395035120316,0.8653346497609644,0.4744670167646565,0.7111000393685954,83,511,Buerste
191,1703,6,0.0362295181290796,0.02769963258048838,0.02769963258048838,1.7658515770061343,1.7658515770061343,0.764559784698193,0.764559784698193,1.0,1.0,82,690,Buerste
192,787,4,0.041156928464224134,0.026179637207259222,0.0357259880033527,1.110397675479403,1.3309199498885973,0.6360930755563065,0.8680431056561398,0.4174433967261747,0.7327897329194198,84,612,Buerste
193,912,2,0.03445428265678107,0.019035653380786673,0.025510926880045203,1.0668333213407915,1.1779684430346073,0.5524901960784314,0.7404283274208383,0.7843137254901961,0.7461764705882353,75,588,Buerste
194,789,2,0.058732523840461064,0.03456869326488914,0.05137833332431018,1.2744297157735673,1.553297056360126,0.5885783719901142,0.87478504182576,2.2441405447547242,0.672826287429075,91,840,Buerste
195,784,5,0.047167226341762604,0.030205203612550236,0.04233537101637551,1.2648783419350387,1.5601010608026573,0.6403854107021356,0.8975590531786497,0.7894736757497187,0.7134744042013174,100,845,Buerste
196,670,6,0.04930023526417981,0.030986030147824875,0.042915190385076,1.0980942523268515,1.3293338408088937,0.6285168819536744,0.8704865231395151,0.4040338486866417,0.7220294229103652,79,689,Buerste
197,1305,9,0.06799589584418503,0.04068680275322461,0.05386402227346963,1.9044602936922712,2.3428691158119217,0.5983714494542411,0.7921657859600956,0.879704601587295,0.7553613903294524,100,736,Buerste
198,793,5,0.04971439565571859,0.030726847961509828,0.041314831862733596,1.233645050715989,1.5112322171232915,0.6180674140001409,0.8310436306788573,0.5358628232862359,0.7437243860412697,72,517,Buerste
199,748,3,0.04483559177116839,0.028526495148630655,0.038656189018710374,1.1188330925648688,1.3095834515127505,0.6362466518614052,0.8621763980723972,0.3975822697754476,0.7379541510111941,67,522,Buerste
2,670,2,0.059282564767408834,0.03749349385086335,0.046683974307027094,1.133749677171746,1.2890365002218598,0.632453976948645,0.7874823650121842,0.3364468460562539,0.8031341462978152,59,970,Buerste
20,524,2,0.0676138003811012,0.04094468084153622,0.0554435169766976,0.953147604351952,1.0736214219458649,0.6055669199298656,0.8200029677993768,0.2457627118644068,0.7384935710111046,34,762,Buerste
200,638,2,0.04699552703811794,0.0301166418647056,0.04027753362650752,1.0539797183302901,1.2252851269836003,0.6408406025594324,0.8570503655345437,2.68763798294926,0.7477280546514196,85,448,Buerste
201,753,3,0.07927250974817698,0.04735781268302916,0.065420739171482,1.2351142448596009,1.4138996730210567,0.5974052396406969,0.8252638825149151,4.4113754217188115,0.7238960195618399,65,539,Buerste
202,748,5,0.04555520646494325,0.029004448528492443,0.03903994695511587,1.1302024989825779,1.336838268688408,0.6366878953959445,0.8569810123714143,0.40183809638624,0.7429428262758345,65,492,Buerste
203,739,25,0.07505773648449715,0.05485422142347837,0.06888131043052424,1.282194493406991,1.366176306777,0.7308270138789527,0.917711000314423,0.24066390041493776,0.7963585634568607,100,947,Buerste
204,701,11,0.05041854743876442,0.04340067919233637,0.044468750297399676,1.1420593967652155,1.1628833653736836,0.8608078057990154,0.8819918969583359,0.25918339383415046,0.9759815353946261,100,653,Buerste
205,663,16,0.06835460871745443,0.05166173398530712,0.05515507944896423,1.133454930552251,1.1524406113653347,0.7557900623621775,0.8068962793269611,4.811320871507302,0.936663214003897,100,388,Buerste
206,601,8,0.05847018823722782,0.05155395753141762,0.05375359305275811,1.0045314316337688,1.0111943538364352,0.8817135549872123,0.9193333333333333,0.1803921568627451,0.959079283887468,100,429,Buerste
207,874,15,0.04845415491284439,0.044372412500975594,0.045029582884094164,1.338147080587056,1.3460978988255141,0.9157607346736163,0.9293234597753262,0.30980392156862746,0.9854058078927773,100,472,Buerste
208,895,21,0.0522114742082208,0.03161486048893634,0.03552340931843302,1.2552880842641343,1.3474134748203377,0.605515568529159,0.680375527738686,2.39340287645667,0.8899725869648287,100,637,Buerste
209,637,32,0.11576637908626077,0.06880838009396593,0.08930106012865127,1.5570307504907948,1.7334535752626448,0.5943727413526071,0.7713902847571189,0.436241610738255,0.770521424883841,100,594,Buerste
21,405,20,0.061199611217500074,0.046042253445211095,0.05708226529541305,1.0910736898388969,1.3339240343658352,0.7523291819874386,0.9327226784586229,0.5498263484564618,0.8065947139086456,56,989,Buerste
210,793,16,0.081727162465132,0.04405368297481406,0.06286633581013118,1.4107631968239607,1.6141994804469793,0.5390335556261246,0.7692220543806646,0.46766169154228854,0.700751561342225,100,473,Buerste
211,2020,30,0.05258981774423003,0.03361300138820368,0.03361300138820368,2.1428288384979846,2.1428288384979846,0.6391541714725105,0.6391541714725105,1.0,1.0,100,665,Buerste
212,696,16,0.07680557077962201,0.04094754827708764,0.06056743909175588,1.2276047583806475,1.393693389950707,0.5331325301204819,0.7885813291530878,0.38425925925925924,0.6760653726015172,100,620,Buerste
213,800,43,0.09893966406065212,0.05239457905697985,0.07399950592640092,1.3620905841661803,1.5642387892998613,0.529560915275201,0.7479255830203512,0.2693877551020408,0.7080395794681509,100,385,Buerste
214,810,21,0.10588037830081488,0.050151570133431245,0.07100700915345975,1.3627447411656,1.499105048173424,0.4736625514403292,0.6706342600299651,0.2880658436213992,0.7062904174015285,100,392,Buerste
215,785,51,0.15714790209510157,0.06402790021406961,0.07861828883616034,1.5596049723785315,1.7596302866832847,0.40743719362745096,0.500282140505972,3.1875,0.8144148284313726,100,373,Buerste
216,714,32,0.10542182902659267,0.06302394455043325,0.07911132138436744,1.5307252377502876,1.788923114526879,0.5978263243235464,0.7504263786242183,0.3586956287376783,0.7966488670341805,100,739,Buerste
217,410,40,0.07983707300728202,0.06238421056127768,0.07284889567602996,1.2448159716595177,1.3647341216634103,0.7813940092165899,0.9124695198856471,1.8064516129032258,0.8563508064516129,100,682,Buerste
218,808,38,0.12065185823216126,0.07101194893363917,0.08276555557421623,1.4090698807444793,1.5159557765373708,0.5885690446391323,0.6859865797918895,5.425531914893617,0.8579891531080517,100,1002,Buerste
219,673,29,0.08101258918669481,0.047213584803993236,0.0630511597886631,1.27077571329453,1.4245945233204116,0.5827931840962245,0.7782884169195075,2.808219178082192,0.7488138990978951,100,632,Buerste
22,636,10,0.06026813360071903,0.03761045537940227,0.049483016502726164,1.1153801965120451,1.2852385501407897,0.6240521007100435,0.8210477668108144,0.2969398336888415,0.760067959424628,78,128,Buerste
220,641,2,0.06396747231564749,0.04181011668190395,0.05008872591938267,1.1479267584229795,1.2844794240811672,0.6536152698920464,0.7830343158194504,3.2753506441501936,0.8347211056874742,42,221,Buerste
221,1799,1,0.034323476466609326,0.028640902288965608,0.028640902288965608,1.8258575209215575,1.8258575209215575,0.8344405997693195,0.8344405997693195,1.0,1.0,51,156,Buerste
222,510,3,0.07325774583666246,0.04197099869426532,0.057196598252061394,1.0070915842067032,1.1572473185593541,0.5729223335351464,0.7807583703106091,0.27863433078639505,0.7338023584777206,25,258,Buerste
223,632,2,0.0468608698245675,0.026581929095894543,0.039974559539533626,0.9679383718820007,1.163958493286486,0.5672521486564165,0.8530477494162171,0.33990150322964974,0.6649711567079513,82,418,Buerste
224,598,2,0.05152048940337775,0.03350925044242464,0.04368552913278268,1.1113335563486617,1.3025924653710013,0.650406291370123,0.847925352392297,0.5076142143774994,0.767056073432758,66,103,Buerste
225,1918,1,0.04109657233753379,0.03106339121659801,0.031097817350850397,1.9802909530632562,1.9905584181904967,0.7558633104841105,0.7567009991840253,1.0,0.9988929726525825,62,259,Buerste
226,768,6,0.029084664478256993,0.023982550009088128,0.026775524575244024,1.0377423355616435,1.0825635658362769,0.824577159107918,0.9206062732908875,0.5137254901960784,0.8956892680736417,53,109,Buerste
227,771,2,0.025100195782439126,0.023282909771675454,0.02406007432220612,1.017576976074205,1.031817872365214,0.9275987316387746,0.9585612212251863,1.9172934435607092,0.9676989962656356,58,214,Buerste
228,1702,2,0.03309269895028933,0.027206498934002576,0.027206498934002576,1.734414307042664,1.734414307042664,0.8221299500192234,0.8221299500192234,1.0,1.0,62,174,Buerste
229,1024,3,0.033577417275847544,0.029793372365542418,0.03167885090496419,1.3525511470425573,1.3978181274551862,0.8873038721466224,0.9434570456897826,1.8085108132893044,0.9404814731103043,69,138,Buerste
23,1274,7,0.020656024962490277,0.020203990767617173,0.020203990767617173,1.2880044114355949,1.2880044114355949,0.9781161091887736,0.9781161091887736,1.0,1.0,100,585,Buerste
230,1308,4,0.05039718335851972,0.03854462926368889,0.03994616124564929,1.7498385671413306,1.7801379376960327,0.7648171325267695,0.7926268609393691,0.5529411764705883,0.9649144764288694,91,210,Buerste
231,1569,1,0.028733359944752675,0.024848998536150625,0.024848998536150625,1.5841236566796022,1.5841236566796022,0.8648135332564398,0.8648135332564398,1.0,1.0,39,176,Buerste
232,829,2,0.031058043875892512,0.02248367687937561,0.02613876218800445,1.0572613303076517,1.110212734844864,0.7239244354609083,0.8416100605838076,0.5843136757421966,0.8601660904085877,48,158,Buerste
233,1560,1,0.029103508619384006,0.024818881352742513,0.024818881352742513,1.5822036862373352,1.5822036862373352,0.8527797001153402,0.8527797001153402,1.0,1.0,49,139,Buerste
234,655,8,0.07125598503183143,0.03775413748929367,0.05528597249617377,1.2389757624582407,1.525557846837377,0.5298381247894918,0.7758782995067214,0.4954535487036872,0.6828881863642093,57,835,Buerste
235,1571,1,0.029373583948901133,0.024854275673364318,0.024854275673364318,1.5844600741769754,1.5844600741769754,0.8461437908496732,0.8461437908496732,1.0,1.0,45,139,Buerste
236,850,6,0.03339779494994871,0.029487518755656153,0.03138200853927839,1.1893824763089884,1.2216934818525185,0.8829181327643738,0.9396431287247776,2.161016969973932,0.9396313406373894,51,262,Buerste
237,1570,1,0.030046932919183988,0.02484526703881099,0.024851955377436213,1.5838857737242007,1.589179415363146,0.826881968473664,0.827104564857901,1.0,0.9997308727412534,51,118,Buerste
238,391,2,0.043401390294528074,0.03483141729270972,0.041664745275952764,0.9367221327740483,1.087389451715858,0.8025415097612937,0.9599864196333301,1.660303095866807,0.8359925654654855,38,92,Buerste
239,379,2,0.042609970081461286,0.03534690699939402,0.04080662276763417,0.926766849271783,1.0684927730253708,0.8295454545454546,0.9576778084945966,0.6590909090909091,0.8662051549982585,34,33,Buerste
24,1479,2,0.02805163269530989,0.023554096414418645,0.023554096414418645,1.5015736464191884,1.5015736464191884,0.8396693579392541,0.8396693579392541,1.0,1.0,100,202,Buerste
240,1658,1,0.033771147950042026,0.027510832852584172,0.027737331814768444,1.7538153844612432,1.7805501686262766,0.8146253391587756,0.821332216950414,1.0,0.991834147433616,55,194,Buerste
241,1529,1,0.029295098074225322,0.02499825842973591,0.0250155702430529,1.5936389748956643,1.5967002215494859,0.8533256439830834,0.8539165897199138,1.0,0.9993079584775086,48,181,Buerste
242,1411,1,0.02658000747343474,0.023145351375079715,0.023145351375079715,1.4755161501613319,1.4755161501613319,0.8707804690503652,0.8707804690503652,1.0,1.0,41,171,Buerste
243,1620,1,0.031512186861308786,0.026646152747131138,0.02666583687123447,1.6986922376296099,1.7048245066351428,0.8455824682814302,0.8462071194422642,1.0,0.9992618223760092,48,234,Buerste
244,1581,1,0.029372753348803165,0.025632329141117436,0.025639426560234456,1.6340609827462365,1.639124821241082,0.8726566705113418,0.872898303259649,1.0,0.9997231833910034,52,179,Buerste
245,611,2,0.04499045604324045,0.026889839070180242,0.03509434174073934,0.9723569690208341,1.1188452825092543,0.597678739782863,0.780039697908598,2.7966100917848244,0.7662157982283828,74,1229,Buerste
246,1478,1,0.026419692200998577,0.023583308175544195,0.02358348951725521,1.5034358961909424,1.5042998162565275,0.892641291810842,0.8926481556951611,1.0,0.9999923106497501,49,185,Buerste
247,1573,1,0.029214156213152116,0.025394638350082332,0.02539873964598826,1.6189081948177486,1.6227012220141355,0.8692579777008843,0.8693983649801198,1.0,0.999838523644752,57,249,Buerste
248,1822,4,0.03833881269756317,0.0295360750754761,0.029830820829952656,1.8829245607192318,1.944001959801991,0.7703961859349241,0.7780841067060148,1.0,0.9901194219174617,68,299,Buerste
249,1015,2,0.01566616710474726,0.015641231337037282,0.01565989557243696,0.9971284977361268,1.001645095499791,0.9984083044982699,0.9995996766619193,1.0,0.9988081507112649,59,144,Buerste
25,680,8,0.07087364335697681,0.04042401936600122,0.05414970975039039,1.1853010885870896,1.411024448528033,0.5703674518663202,0.7640316933849273,0.3395436948387344,0.7465232879795775,77,1138,Buerste
250,1847,4,0.04235189367924538,0.03018170822221286,0.031027968935904936,1.9240838991660698,2.0015562854153965,0.712641291810842,0.732622941748417,1.0,0.972725874663591,78,382,Buerste
251,1950,2,0.043817872549403024,0.03167016338449586,0.031689413393400735,2.018972915761611,2.0246065045581942,0.7227681660899654,0.7232074847465974,1.0,0.9993925413302576,74,303,Buerste
252,1657,1,0.035028199215835505,0.026839337198872062,0.027220904858261993,1.7110075416602015,1.7425152263485433,0.7662208677498491,0.7771140243474464,1.0,0.9859825504928387,56,91,Buerste
253,1007,2,0.01563444101085205,0.015569165987145648,0.015626356769046387,0.9925342128972252,1.0050136328230261,0.995824921168522,0.9994829209563647,1.0,0.9963401077585772,49,178,Buerste
254,1684,1,0.03391224846077174,0.027694090238583633,0.027694090238583633,1.7654982527097067,1.7654982527097067,0.816639753940792,0.816639753940792,1.0,1.0,48,210,Buerste
255,1561,1,0.030036648097281474,0.02501899795407596,0.02507780573538877,1.5949609286925361,1.6112369144904966,0.8329490651901452,0.8349069328297815,1.0,0.9976549869660317,46,72,Buerste
256,615,2,0.048085574455891164,0.03002389224411386,0.03909969050791918,1.0529137807833018,1.2371878649711336,0.6243846014911341,0.8131272413888966,2.3324805699531175,0.7678805600272687,26,353,Buerste
257,1012,2,0.01568527611910109,0.01563968569716322,0.01566003591684755,0.9970299631941553,1.0035223628395327,0.9970934256055364,0.9983908346871367,1.0,0.9987004998077662,32,138,Buerste
258,589,2,0.06132607152539638,0.029519433612088506,0.04460281622850515,1.1033011723265378,1.3583018886376057,0.48135210486887137,0.7273059421397017,1.3033687696888696,0.6618289181754172,47,109,Buerste
259,1009,2,0.015615155933658434,0.015587183260564802,0.015612510092035035,0.9936828139402354,1.0016894466468553,0.9982086203165389,0.9998305593850846,1.0,0.9983777860625273,38,126,Buerste
26,709,15,0.04345906774430812,0.02672383677705852,0.03585167533087836,1.063245651363986,1.239702235051202,0.6149196971800798,0.8249527012823208,0.375361120912194,0.7453999438079758,96,2310,Buerste
260,574,2,0.0871954427973045,0.030613833917972837,0.04592124337241763,1.1201189989215412,1.3619880179894532,0.3510944257618841,0.5266472868217055,1.2420305779254712,0.6666595168100541,42,107,Buerste
261,1006,2,0.015610568379763604,0.015560153626057333,0.01560575290405457,0.9919597936611549,1.003353521991628,0.9967704728950404,0.9996915246394694,1.0,0.9970780469050365,38,153,Buerste
262,1012,2,0.01579530853424602,0.01566288839322247,0.01577259277869105,0.9965474275334176,1.0023410412650628,0.9916164891153312,0.9985618669299358,0.996078431372549,0.9930446194225722,38,55,Buerste
263,1506,1,0.028171812663773776,0.025020388197801127,0.02506046353484388,1.595049556719409,1.6074806078294708,0.8881355451427847,0.8895580782797554,1.0,0.9984008541187984,34,120,Buerste
264,409,3,0.06146742124673441,0.04570630520281165,0.05617534717664002,1.0474361608977671,1.2251389838626179,0.7435858585858586,0.9139044072004966,0.44,0.8136363636363636,29,104,Buerste
265,1030,2,0.01609093634306699,0.015992943097517517,0.015992943097517517,1.0195501224667418,1.0195501224667418,0.9939100346020762,0.9939100346020762,1.0,1.0,34,99,Buerste
266,996,2,0.015610023353031821,0.015470067280524054,0.015600702924389183,0.9862167891334085,1.0054465932338454,0.9910342176086121,0.999402920262715,1.0,0.9916262975778547,42,68,Buerste
267,2093,34,0.0578741383418751,0.03465283566738541,0.03465283566738541,2.20911827379582,2.20911827379582,0.5987620146097655,0.5987620146097655,1.0,1.0,100,983,Buerste
268,1479,2,0.031468334986689994,0.023796164616081115,0.02381923638123868,1.5170053127248428,1.5312433056183739,0.7561939526239968,0.7569271266278748,1.0,0.9990313809902093,55,83,Buerste
269,1386,3,0.033170947079649786,0.02258889208202956,0.023924467914878608,1.4400418702293845,1.507960329741799,0.6809842368319877,0.7212476586041209,1.0,0.9441753171856978,62,158,Buerste
27,644,3,0.0523891085623755,0.02954464011382267,0.03944036440048258,1.0417028802573387,1.2292725945306595,0.563946227079742,0.7528351881293057,2.6946440390792703,0.7490965299869584,62,243,Buerste
270,1526,1,0.028604386363624727,0.025277001741646803,0.025299756718312368,1.611408668181765,1.6218214148279815,0.8836757209303657,0.8844712274787775,1.0,0.9991005851590227,32,84,Buerste
271,1002,2,0.01559992958764712,0.015524122803597764,0.015594145855854934,0.9896627102896998,1.0034850404196078,0.9951405688324783,0.9996292462886008,1.0,0.9955096577328164,41,221,Buerste
272,999,2,0.015618510439503826,0.015497093184184038,0.015608591697734172,0.9879396904917325,1.0047649342607934,0.9922260668973472,0.99936493676474,1.0,0.9928565936178393,40,164,Buerste
273,1004,2,0.015614415311333011,0.015542140077016917,0.015607904381565039,0.9908113113327099,1.0037520256005545,0.9953712493951896,0.9995830180228876,1.0,0.99578647440807,38,169,Buerste
274,1003,3,0.01564561251828041,0.01553312772239735,0.015637255854422955,0.990236892302831,1.004420236955611,0.9928104575163399,0.9994658781273222,1.0,0.9933410226835833,33,40,Buerste
275,988,3,0.015699801383323175,0.015397998204097433,0.015651331950782534,0.9816223855112113,1.0088474321274923,0.9807766243752403,0.9969127359412248,1.0,0.9838139177239523,35,48,Buerste
276,1011,2,0.015633687255414,0.015605200533983956,0.01563007511908272,0.9948314149832456,1.0022500515490618,0.9981778629081774,0.9997689517340173,1.0,0.9984085434708887,36,112,Buerste
277,1470,8,0.030014742300022657,0.02388070292401341,0.02499223774216555,1.522394811405855,1.5916999391793458,0.7956324490580546,0.832665411295125,1.0,0.9555247981545559,64,256,Buerste
278,926,2,0.08357782573658638,0.050499935021381386,0.06184842252733959,1.4789722953042816,1.644370333353045,0.6042264748612014,0.7400099485989057,4.22191263359259,0.8165112861052891,88,551,Buerste
279,1370,6,0.028030207470399245,0.022151730895638235,0.023086184371465972,1.4121728445969375,1.4706880116847092,0.7902806612841214,0.8236180340743353,1.0,0.959523260284506,42,107,Buerste
28,405,13,0.0778127041371318,0.053481479078045395,0.06445916007085377,1.1779034902597403,1.391874774124608,0.687310377798891,0.828388638920135,1.8881131518714125,0.8296955625741684,48,285,Buerste
280,1446,3,0.027836176420948783,0.02366450135891571,0.024060226760013584,1.5086117810850592,1.551497512470544,0.850134767112139,0.8643509940505508,1.0,0.9835527152322794,50,205,Buerste
281,1692,2,0.031563575536595966,0.02720560002347668,0.027362128874137227,1.7343567939343822,1.753002671036818,0.861930233218778,0.8668893941503101,1.0,0.994279361398356,47,179,Buerste
282,1413,6,0.028187449482493736,0.023112413648652547,0.024376895117479723,1.4734161937678774,1.5661395419542432,0.8199540601574072,0.8648137935508986,1.0,0.9481278701519101,54,139,Buerste
283,1060,2,0.016504150365302964,0.01647978437629767,0.01647978437629767,1.0505862539889765,1.0505862539889765,0.9985236447520185,0.9985236447520185,1.0,1.0,30,76,Buerste
284,1345,1,0.024161097484805733,0.021149366986334486,0.021149366986334486,1.3482721453788233,1.3482721453788233,0.8753479430988081,0.8753479430988081,1.0,1.0,35,86,Buerste
285,1410,1,0.02505789084763254,0.02216809271666143,0.02216809271666143,1.413215910687166,1.413215910687166,0.8846751249519416,0.8846751249519416,1.0,1.0,38,130,Buerste
286,1662,3,0.03261803886326242,0.02673149876311167,0.027264197680528502,1.7041328422032187,1.7637772669457747,0.8195311457924365,0.8358625665639288,1.0,0.9804615956919476,55,224,Buerste
287,866,4,0.02493546457151331,0.01898386906315554,0.0212926871729877,1.0112811071143302,1.0556993592542727,0.7613200471445408,0.8539117894483836,0.7176470588235294,0.8915675559841423,54,224,Buerste
288,1820,1,0.03500338838275716,0.02909763334895919,0.02934151859193381,1.8549739039988236,1.8901269646075334,0.8312804757865333,0.8382479510580062,1.0,0.9916880497438988,52,225,Buerste
289,555,2,0.05640599440843102,0.03732614955331651,0.04729206365423674,0.9749424983307914,1.0940938396139135,0.6617408299380563,0.8384226561418087,4.482074618391366,0.7892687835789246,50,264,Buerste
29,572,2,0.05506804391421656,0.03162959553615712,0.04442361872565965,0.9989165207985377,1.1840686646270635,0.5743729627554741,0.8067041348855881,0.3425867262481783,0.7119995273569972,47,422,Buerste
290,1013,2,0.015871216213482135,0.015725135123074305,0.015773529110888567,1.002477364095987,1.0089781360101664,0.990795847750865,0.993845014693292,1.0,0.9969319492502884,65,236,Buerste
291,1891,2,0.04006128369736966,0.03061630853823816,0.031291708977294413,1.9517896693126828,2.005464658438016,0.764236831987697,0.781096013140212,1.0,0.9784159938485198,66,213,Buerste
292,711,3,0.027055012731207445,0.025042406434983292,0.026399621224092555,0.9864264973780004,1.0209088764787144,0.9256105951152391,0.9757755979039364,2.236842105263158,0.9485896112831097,33,162,Buerste
293,1413,1,0.028526875575630682,0.02292130613822013,0.023006929775369524,1.4612332663115333,1.4795570589150824,0.8034986543637063,0.8065001620795579,1.0,0.9962783544790466,55,173,Buerste
294,1690,1,0.04100489313483187,0.02764622099075992,0.02828655641628505,1.762446588160945,1.8096275444499432,0.6742176086120723,0.6898336821235819,1.0,0.977362552864283,61,160,Buerste
295,1018,2,0.01566898014635569,0.015668257240697266,0.01566885965744688,0.9988513990944508,1.0001748838939786,0.9999538638985006,0.9999923103541082,1.0,0.9999615532487505,46,145,Buerste
296,1007,2,0.015598067560742447,0.015569165987145648,0.01559506409717344,0.9925342128972252,1.0009637355378627,0.9981471054998159,0.9998074464315972,1.0,0.9983393393020753,53,213,Buerste
297,1007,2,0.015606483416647395,0.015569165987145648,0.015600350966888176,0.9925342128972252,1.0015146151661827,0.9976088508534895,0.9996070575545112,1.0,0.9980010078100987,60,206,Buerste
298,1605,2,0.03219475002285421,0.026409108494801135,0.02661353835063707,1.6835804650580646,1.7152278236299285,0.8202923916493838,0.8266421802233226,1.0,0.9923185766153098,56,87,Buerste
299,1008,2,0.015600242749573227,0.015578174623855225,0.015598801374490497,0.9931085134187303,1.0007292073689864,0.9985853985689674,0.9999076055991007,1.0,0.998677670794052,45,184,Buerste
3,750,2,0.060290507245681135,0.037875953290336294,0.047155761569796575,1.1784403643702104,1.3190578359025023,0.6282241603308042,0.7821423922946765,3.920757839034525,0.8032094494810571,71,950,Buerste
30,525,5,0.06046308779914164,0.04211465821180898,0.052452780807654434,1.0056560733140152,1.1156768080707895,0.6965350223546944,0.8675174013921114,0.2772727272727273,0.8029061102831595,62,1068,Buerste
300,1621,12,0.03174824966526807,0.026094595578394227,0.026094595578394227,1.663530468122632,1.663530468122632,0.821922337562476,0.821922337562476,1.0,1.0,86,516,Buerste
301,1859,1,0.04208460180468291,0.03074845658499935,0.03074845658499935,1.9602141072937087,1.9602141072937087,0.730634371395617,0.730634371395617,1.0,1.0,62,218,Buerste
302,1840,1,0.03856246146391645,0.029991246461409965,0.029991246461409965,1.9119419619148852,1.9119419619148852,0.7777316416762784,0.7777316416762784,1.0,1.0,54,246,Buerste
303,1974,1,0.046560620596473805,0.032956541692784364,0.032956541692784364,2.100979532915003,2.100979532915003,0.7078200692041523,0.7078200692041523,1.0,1.0,75,181,Buerste
304,1012,2,0.015657263247598818,0.01563968569716322,0.01564979398393485,0.9970299631941553,1.0023223956235496,0.998877354863514,0.9995229521567179,1.0,0.999354094579008,57,221,Buerste
305,1002,2,0.015806887407114712,0.015562339483522902,0.015726802780574662,0.9920991420745849,1.013463732935254,0.9845290272971934,0.9949335612712721,1.0,0.9895424836601308,53,141,Buerste
306,660,4,0.028254314569194264,0.020077399971441253,0.02633618402805676,0.9614422262162544,1.175059334562266,0.7105958957975106,0.9321119421800151,1.6468469041806575,0.7623503826542284,81,145,Buerste
307,1505,1,0.0400158224890268,0.024820271596134924,0.024820271596134924,1.5822923142536014,1.5822923142536014,0.6202614379084967,0.6202614379084967,1.0,1.0,60,63,Buerste
308,1927,3,0.04975806690969363,0.031246382547589,0.031246382547589,1.9919568874087987,1.9919568874087987,0.6279661668589004,0.6279661668589004,1.0,1.0,64,175,Buerste
309,1763,1,0.03950459903470487,0.02871153553372757,0.02871153553372757,1.8303603902751324,1.8303603902751324,0.7267896962706651,0.7267896962706651,1.0,1.0,73,238,Buerste
31,558,2,0.07541983367387184,0.04289088540010702,0.05917882797070169,0.9676811873094672,1.0841506246709234,0.5686950409566598,0.784658691062632,4.519333817017663,0.7247674019725683,52,795,Buerste
310,1012,3,0.0164467945550874,0.01588174820312946,0.016176418995911577,1.0124614479495029,1.046548187068978,0.9656439830834295,0.9835605924139066,1.0,0.9817839292579777,55,178,Buerste
311,1065,7,0.01659047548976664,0.01656304794474319,0.01656304794474319,1.0558943064773785,1.0558943064773785,0.9983467896962707,0.9983467896962707,1.0,1.0,76,530,Buerste
312,1008,2,0.015651084361781212,0.015590914758797581,0.0156299709313452,0.993920696924106,1.00358450124351,0.9961555633084082,0.9986509924841009,1.0,0.9975011999242241,55,88,Buerste
313,609,3,0.03309924242688194,0.027457658245025482,0.03156310562183544,1.0370183110974627,1.1862804248640026,0.8295554892436275,0.9535899708750158,0.4260869575714061,0.869928915551016,56,130,Buerste
314,941,2,0.054570851351776715,0.028915887663369094,0.04026025675481356,1.3544878008992847,1.664014666984397,0.5298778917149448,0.7377611995694614,0.595841111242466,0.7182241245868826,71,136,Buerste
315,1905,1,0.040315734079303285,0.030538587311697393,0.030538587311697393,1.9468349411207087,1.9468349411207087,0.7574855824682815,0.7574855824682815,1.0,1.0,48,137,Buerste
316,1846,1,0.04008430278339606,0.03007077853251585,0.03007077853251585,1.9170121314478856,1.9170121314478856,0.7501883890811226,0.7501883890811226,1.0,1.0,53,103,Buerste
317,420,2,0.04725746512768449,0.03181233937664258,0.04438575694154404,0.923525659266282,1.1059088291112422,0.6731706681830929,0.939232707924951,0.5234068027702282,0.71672404772863,27,80,Buerste
318,1644,1,0.033416831252662496,0.02715538300994908,0.02715538300994908,1.731155666884254,1.731155666884254,0.8126259131103422,0.8126259131103422,1.0,1.0,54,194,Buerste
319,1792,2,0.03789784312155054,0.02982637477260239,0.02982637477260239,1.9014313917534025,1.9014313917534025,0.7870203767781623,0.7870203767781623,1.0,1.0,53,218,Buerste
32,796,2,0.028309687700243377,0.023892800768129878,0.024706667460961555,1.0544995723626553,1.0665866522117617,0.8439796659404503,0.87272836502358,0.5294117647058824,0.9670588235294117,51,292,Buerste
320,1740,1,0.04018370276607964,0.02872091918118135,0.029882439613685623,1.830958597800311,1.9130116579796883,0.7147404844290658,0.7436457458298332,1.0,0.9611303344867359,72,270,Buerste
321,1497,1,0.0315817476986593,0.024493399881849103,0.02545808614499829,1.5614542424678803,1.6321331914277621,0.7755555555555556,0.8061012451846997,1.0,0.9621068819684737,70,288,Buerste
322,366,33,0.11177540571110729,0.05643655933228119,0.0759760100358016,1.0373062048537078,1.2124074526344928,0.5049103510135862,0.6797202797202797,0.3322135153252382,0.7428207838985887,74,419,Buerste
323,1485,1,0.029552134328680996,0.02413049362934997,0.02413457637198883,1.5383189688710606,1.5424849405850887,0.8165397923875433,0.8166779462884917,1.0,0.9998308342945021,44,181,Buerste
324,1557,3,0.03056334884981116,0.025352427320565984,0.02555422199042867,1.6162170482624112,1.6499144967192074,0.829504235453656,0.8361067406586422,1.0,0.9921032747567792,45,206,Buerste
325,1449,1,0.027761787181270207,0.02352589988378505,0.02370893541749644,1.499776117591297,1.5302297972685543,0.8474202229911573,0.8540132975838073,1.0,0.9922798923490965,44,146,Buerste
326,1453,1,0.027766428014224093,0.023498239386920333,0.02365063075269704,1.498012581638832,1.528575155645849,0.8462824017148598,0.8517707333684178,1.0,0.9935565623018605,47,205,Buerste
327,1406,1,0.028141914246905188,0.023164014406166715,0.023425918010468543,1.4767057416657232,1.5129799652535425,0.8231143838665523,0.8324209151140004,1.0,0.988819921414188,30,63,Buerste
328,1537,1,0.02913899673429398,0.024446061043407494,0.024446061043407494,1.5584363915172277,1.5584363915172277,0.8389465590157632,0.8389465590157632,1.0,1.0,40,121,Buerste
329,1589,1,0.031178240394677842,0.026188523229476537,0.026188523229476537,1.6695183558791291,1.6695183558791291,0.8399615532487504,0.8399615532487504,1.0,1.0,35,223,Buerste
33,1025,8,0.08578289529052696,0.05217491602284339,0.06641679429719109,1.6796505595448874,1.9273525196794008,0.6082205065023619,0.7742428612633401,0.33461647197905414,0.785568116843754,69,398,Buerste
330,1526,1,0.0270062982937856,0.02395202197463913,0.02395202197463913,1.5269414008832445,1.5269414008832445,0.8869050365244137,0.8869050365244137,1.0,1.0,33,150,Buerste
331,1531,1,0.027958862530460957,0.024251867785264968,0.024251867785264968,1.5460565713106418,1.5460565713106418,0.8674125336409073,0.8674125336409073,1.0,1.0,39,399,Buerste
332,850,7,0.11883352089956375,0.06834906229843984,0.08328858827516421,1.5637506561709151,1.7161861263251577,0.575166516829939,0.7008846295613712,0.2456896546054254,0.82062937689173,100,954,Buerste
333,271,3,0.06541281432325124,0.049845618351673913,0.06210060471135708,0.9222438862799777,1.1246975684538352,0.7620161105643805,0.9493645144890697,0.5088022439097717,0.8026591461283797,34,531,Buerste
334,385,2,0.05229293644920548,0.03707399526294067,0.04807176774799085,0.9167287496141129,1.0845552100566302,0.7089675543264307,0.9192784152537535,2.1860829886446442,0.7712218002320117,28,174,Buerste
335,596,13,0.0886866713207922,0.04555243643046198,0.0555879258418308,1.147537816761638,1.2837582671585976,0.5136333989319816,0.6267900803353126,0.3132835529539292,0.8194663812439471,50,660,Buerste
336,1580,2,0.033369467233448746,0.025737981693600746,0.025737981693600746,1.6407963329670476,1.6407963329670476,0.7713033448673587,0.7713033448673587,1.0,1.0,74,897,Buerste
337,640,2,0.05901936015686484,0.036751505896420206,0.04881297681156022,1.0140996082533051,1.1421814108027384,0.6227025470750627,0.8270671976419679,4.743047677505038,0.7529044179849417,46,417,Buerste
338,551,2,0.06329118528501133,0.03546786231291513,0.047279008838688054,1.0396354512378778,1.2110958397936045,0.5603918168572307,0.7470077962007248,2.960676970850212,0.7501820191266795,47,515,Buerste
339,662,3,0.07218597351937879,0.03786646470582584,0.0499350359032296,1.1134174054353394,1.2688956926747288,0.5245681793798949,0.6917553849962862,0.3263598326359833,0.7583145585237635,60,825,Buerste
34,594,2,0.05843566954731544,0.03563715269637761,0.046365502836273546,1.01317724102612,1.1544157095168563,0.6098527316012381,0.7934452226774151,3.8288768119102907,0.7686135276526597,64,330,Buerste
340,601,2,0.04453579613066735,0.026033374354237703,0.03805620517552638,0.9116452743992202,1.0682577759377148,0.5845494325027036,0.8545082491367183,3.5433072618806807,0.6840769917590086,77,190,Buerste
341,891,4,0.03483737962890283,0.02872376104696792,0.030150096126725884,1.2111475622560095,1.2316067238018515,0.8245098039215686,0.865452466514211,2.0238095238095237,0.9526921879863056,74,732,Buerste
342,1101,2,0.062144889738828916,0.038622926477108174,0.051567090726154036,1.539826903842314,1.799211731584382,0.6214980288713279,0.8297881119891064,2.721775890413183,0.7489840115707598,85,268,Buerste
343,1556,1,0.030593361233092156,0.024948468529137683,0.024948468529137683,1.5904648687325271,1.5904648687325271,0.8154863514033064,0.8154863514033064,1.0,1.0,54,517,Buerste
344,1611,1,0.03155336632936016,0.02548216382524959,0.02548216382524959,1.6244879438596613,1.6244879438596613,0.8075893886966551,0.8075893886966551,1.0,1.0,77,81,Buerste
345,602,24,0.099473318291317,0.048845342044527035,0.0709001046712684,1.4073735331127402,1.685483651062556,0.4910396363925333,0.7127549969091284,1.6285528224113974,0.6889318749387002,45,489,Buerste
346,513,2,0.04913431496775328,0.03843996022503862,0.04422262335465245,1.0034829587110812,1.105785962518262,0.7823444826750239,0.9000354107648725,3.687968011598704,0.8692374470135213,57,1184,Buerste
347,1786,14,0.04253331583521958,0.029479299931744345,0.029479299931744345,1.879305370648702,1.879305370648702,0.6930872741253364,0.6930872741253364,1.0,1.0,99,970,Buerste
348,1517,1,0.029610885626688756,0.024253148220447978,0.024253148220447978,1.5461381990535588,1.5461381990535588,0.8190618992695117,0.8190618992695117,1.0,1.0,65,1005,Buerste
349,570,2,0.06077332789843908,0.031877861346727536,0.04750522227523061,0.9652735585364226,1.1552204867679996,0.524537037037037,0.7816788041395171,0.3375,0.6710390946502057,59,788,Buerste
35,1960,2,0.03991321994821116,0.03173476946624322,0.03173476946624322,2.023091553473005,2.023091553473005,0.7950941945405613,0.7950941945405613,1.0,1.0,91,490,Buerste
350,574,2,0.05234698036857679,0.03081318198338488,0.0427911222384333,0.9609745812273311,1.1393706263858179,0.5886334181346902,0.8174515881745159,0.33067729083665337,0.7200835213363413,61,230,Buerste
351,569,3,0.05786227988868624,0.03276933784362597,0.04640538038857708,0.9740885487053452,1.1491220920846725,0.5663333333333334,0.80199709513435,0.312,0.7061538461538461,52,517,Buerste
352,828,2,0.03230634213903576,0.017099613025547005,0.026089024515302497,0.9663334806413109,1.0905869372252757,0.5292958562735439,0.8075511737919449,1.2561576354679802,0.655433207765865,64,2005,Buerste
353,361,6,0.04871930426983805,0.03963356624903148,0.04648192088561195,0.9825257740369657,1.1692806324783838,0.813508461235734,0.9540760399238447,0.6942148760330579,0.8526662731208186,56,1097,Buerste
354,2127,6,0.03876868713197714,0.03402909961401247,0.03402909961401247,2.1693551003932954,2.1693551003932954,0.8777470203767782,0.8777470203767782,1.0,1.0,58,68,Buerste
355,503,2,0.07217595991117502,0.05519491684195324,0.06319933913528662,0.9640180782720931,1.040633662859551,0.7647271599834642,0.8756286610259748,0.17372881355932204,0.8733464241422075,41,993,Buerste
356,415,2,0.06995913394993548,0.04463934222468997,0.05969780945794546,0.9628125071684703,1.1128933339029063,0.6380773989660165,0.8533240205727348,0.29746461728603313,0.7477551124574591,24,298,Buerste
357,1732,2,0.03264552532235595,0.02779526126792641,0.02779526126792641,1.7719479058303085,1.7719479058303085,0.8514263744713572,0.8514263744713572,1.0,1.0,51,455,Buerste
358,494,2,0.05536616045737113,0.044912840077000804,0.05058044363277596,0.9485202687742047,1.0352188325222154,0.8111965811965812,0.9135624217922803,4.326923076923077,0.887948717948718,51,246,Buerste
359,765,20,0.0768343220854104,0.03419701986193441,0.04789630618171777,1.19736082113347,1.4142189994933334,0.44507479123614047,0.6233712341273134,2.805626458572036,0.7139803168159042,70,266,Buerste
36,1034,4,0.04076031896562697,0.03019346316655477,0.03149885697304263,1.364438778539247,1.3902500485070337,0.7407563025210084,0.7727823965167078,0.5490196078431373,0.9585574229691877,74,417,Buerste
360,681,12,0.05829105408667558,0.033023131248202865,0.04554959877481869,1.1018695198553343,1.3016517269061547,0.566521428813061,0.7814166253897031,0.3356286706407006,0.7249928020542551,61,554,Buerste
361,555,2,0.03862551043067539,0.022708478276713753,0.03175445395753228,0.903560314321316,1.1027113762927416,0.5879139983786276,0.8221109210847789,0.4938123510847401,0.715127342673994,80,811,Buerste
362,447,9,0.05188347823346542,0.03865800054854444,0.04533997908297217,1.0836057009655315,1.2743117305624958,0.745092693565976,0.8738808697241002,0.7480916030534351,0.8526250194734383,57,258,Buerste
363,768,2,0.028088862785131355,0.020072995236233498,0.02580592672947587,0.9752698595662719,1.0534466140661272,0.7146247033845385,0.9187245110946983,0.615686274509804,0.7778443861621082,32,305,Buerste
364,642,2,0.0411766041398088,0.022901231029485804,0.03227806957194306,0.9768654702047433,1.1913753596856422,0.5561709496909509,0.7838934328422971,0.5127016265919165,0.7094981618538969,62,191,Buerste
365,622,3,0.05510429068891879,0.03308581063614902,0.04501974157183602,1.0439760904347126,1.2192346229419886,0.6004216771962263,0.8169915810365248,3.0037595253401985,0.7349178267350879,68,188,Buerste
366,446,2,0.06741470487128992,0.047345496061023305,0.05651353503682228,0.9863667726351392,1.0914943937190489,0.7023022076773409,0.8382968544432484,0.2890669473556275,0.8377726863162003,33,211,Buerste
367,794,5,0.05990968097378664,0.036760181743060984,0.04909511116289884,1.1847782508504103,1.3713862456774586,0.6135933482794763,0.8194854381611597,0.2566569802408904,0.7487544252846227,80,470,Buerste
368,604,15,0.07403552629157961,0.03613799165883996,0.05237034351390944,1.1377820811337895,1.374471214076236,0.48811690102012684,0.7073677481221032,0.47692307692307695,0.690046870692032,44,285,Buerste
369,678,6,0.042327475620684896,0.026479936129973725,0.03385201387486581,1.0450528265649908,1.2267609948357223,0.6255968668500826,0.7997645354102517,0.4897817462839478,0.782226316811076,80,902,Buerste
37,1160,14,0.059030048009092,0.020574077308600676,0.03284715615548084,1.2580628395080566,1.4356622861901085,0.34853566958698373,0.5564480677776446,1.0851063829787233,0.6263579474342928,100,364,Buerste
370,596,2,0.05153124992619277,0.029963791657291485,0.041093420748951684,0.9729759823085367,1.1346513998673748,0.5814683653163479,0.797446613614244,3.3841779081015138,0.7291627494422177,71,1154,Buerste
371,564,3,0.05202623866129312,0.03269246803467114,0.04168492817345392,0.9769652098127939,1.1111464223694392,0.6283842321854017,0.8012289422811378,0.35526315789473684,0.7842755035737492,55,44,Buerste
372,643,57,0.05946559869362705,0.025797209025692734,0.04106098074498042,0.9704397918338388,1.1462067717558608,0.4338173598251762,0.6904997451809215,2.2443100145805777,0.6282657783045371,61,1030,Buerste
373,560,2,0.041455001459597095,0.025959871812450245,0.036036814061382524,0.9268730513057686,1.1122042640255496,0.6262180894566189,0.8692995487288729,0.40853332740003884,0.7203708898414843,83,118,Buerste
374,480,2,0.05878902139017669,0.037172309191535885,0.04713926353485826,0.9559181651506037,1.0847819457389822,0.6323001865403932,0.8018378673460104,0.3415841584158416,0.788563638972593,53,387,Buerste
375,422,26,0.06679632182956391,0.055710101830578555,0.0622955187720186,1.232283230708993,1.4254598479615541,0.8340294840294841,0.9326189985575932,0.6727272727272727,0.8942874692874693,57,1340,Buerste
376,638,5,0.05803460027534063,0.03457303714142074,0.045999726598610215,1.097909185918593,1.2785734890203122,0.5957314598083154,0.7926258883557067,3.108405464011944,0.7515922310387231,74,522,Buerste
377,693,2,0.05535756481032977,0.03333312162965795,0.04390731976464,1.1143495692604801,1.2885448604431626,0.6021421235537796,0.7931584403157643,3.23360143882058,0.759170038352061,18,215,Buerste
378,594,3,0.06214094225329116,0.03316141866895462,0.0490884969690555,1.0272747445211758,1.2112364660460035,0.5336484685698227,0.789954178180419,3.1999998498839135,0.6755435736779428,48,242,Buerste
379,747,3,0.05555907844513052,0.033226669534521525,0.04479780126491104,1.1809954873526354,1.3827038068269497,0.5980421285665453,0.8063092930735489,2.8841759897801382,0.74170313266127,68,323,Buerste
38,493,3,0.06926865789055645,0.051083960420158434,0.060930689900154364,0.9466095891477386,1.0396856956270197,0.7374758220502902,0.8796285615411236,0.18723404255319148,0.838394584139265,40,575,Buerste
380,1315,13,0.022640202103518102,0.02067526583944729,0.02067526583944729,1.3180481972647649,1.3180481972647649,0.9132103037293349,0.9132103037293349,1.0,1.0,50,1414,Buerste
381,464,2,0.07649640196936638,0.047493651289688917,0.06244054299267147,0.958124818488898,1.0833243396930767,0.6208612440191388,0.8162546392401082,0.23923444976076555,0.760622009569378,37,492,Buerste
382,540,2,0.06827982310727573,0.045177823146887584,0.05441680733373788,1.0425896229038776,1.145311725116261,0.6616570033567287,0.7969676085458305,0.25663716814159293,0.8302181873664938,46,709,Buerste
383,1607,5,0.02970911951610184,0.025446129287036278,0.025446129287036278,1.6221907420485628,1.6221907420485628,0.8565090349865436,0.8565090349865436,1.0,1.0,61,1492,Buerste
384,559,8,0.04761090866997333,0.0284968717712212,0.03993551454030528,0.9541674813171758,1.1364327052209393,0.5985366078340207,0.8387891694554305,0.3602791261198454,0.7135721700157507,59,551,Buerste
385,851,12,0.06376873767871538,0.03036875093838062,0.0377093310625959,1.1835101050460344,1.3640278959522871,0.4762325873751308,0.59134510788948,2.8115507383835854,0.8053378323781394,77,86,Buerste
386,743,9,0.12040306999266003,0.06376625261447381,0.08525625546491926,1.7524056916081203,2.1422733392831272,0.5296065342716021,0.7080903790087464,1.64118335155862,0.7479363510248462,51,318,Buerste
387,549,2,0.05175454521689744,0.03080144074741767,0.04219527895423867,0.9626331813677205,1.133314089427373,0.5951446509351462,0.8152961015772244,2.96481313842417,0.7299736252679413,49,534,Buerste
388,413,2,0.06907716006097775,0.039712659330607136,0.05627885217953557,0.9333298856786673,1.1026001404467074,0.574902895480226,0.8147244636266967,2.765625,0.7056408898305084,32,147,Buerste
389,425,12,0.049607423334879205,0.039021032447574516,0.04695386886355597,1.0318895247247484,1.2247788485059354,0.7865966386554621,0.9465089236058446,0.6071428571428571,0.8310504201680672,68,1641,Buerste
39,615,3,0.07600862921145882,0.05246026359600738,0.06319689783155062,1.1250679347978743,1.2315101944287248,0.6901882607310412,0.8314437253661622,0.22190186196900147,0.8301082077768848,48,581,Buerste
390,730,3,0.04987994270614426,0.03021609620833135,0.03960800558906147,1.106313619798125,1.2665730662675945,0.6057764818685188,0.7940667819608886,3.200309786618431,0.7628785079922359,100,591,Buerste
391,431,2,0.07083562312574986,0.04106940298069176,0.056917461945400996,0.9382844119795233,1.104193775912911,0.5797845938022446,0.8035146644275175,0.31021997207642565,0.7215606876513267,34,157,Buerste
392,823,4,0.028683809472053047,0.02383843468819305,0.02509215767425915,1.0722757836586327,1.091125313465328,0.8310763154182537,0.8747847003622973,0.5450980392156862,0.9500352659049232,54,525,Buerste
393,894,2,0.08742971667539903,0.05146833204476818,0.0646763816247966,1.545114021740551,1.7435099130414602,0.5886823611227637,0.7397528447326563,3.4041604708128634,0.7957824904823599,88,921,Buerste
394,810,6,0.0581696300871193,0.035928326307297025,0.04731246303575336,1.1980984669332109,1.3785161917724669,0.6176474949812816,0.8133533420256341,0.2666333181882149,0.7593839762716749,84,451,Buerste
395,920,4,0.041296493528044764,0.017720259189050704,0.02782946298862557,1.043869065836009,1.18649911207817,0.4290983973498075,0.673894091509885,1.1643835616438356,0.6367445608380339,78,355,Buerste
396,1745,18,0.035992615298929734,0.02824361694633663,0.02824361694633663,1.80053058032896,1.80053058032896,0.7847058823529411,0.7847058823529411,1.0,1.0,100,909,Buerste
397,763,3,0.029563303187675975,0.025098404797298406,0.026740108977441918,1.0355587227447436,1.059863238143979,0.8489715996202059,0.9045034246575342,0.4784313699677555,0.9386051798992867,68,2721,Buerste
398,779,2,0.027931714635036846,0.024816068787668264,0.025110302449309587,1.0408055165880605,1.0449053037294795,0.8884549019607844,0.8989889370347444,2.04,0.9882823529411765,48,1704,Buerste
399,1068,29,0.14799792546880208,0.04941240097912613,0.07269720327247883,1.8134977034418958,2.174180824218808,0.33387225410495536,0.49120420466841863,0.5302789968480418,0.6797015394653059,61,372,Buerste
4,1656,1,0.034637345768530295,0.027569249790020053,0.027569249790020053,1.7575396741137785,1.7575396741137785,0.7959400230680508,0.7959400230680508,1.0,1.0,59,715,Buerste
40,749,6,0.07212867272217376,0.04758873034470619,0.05770611345419366,1.2727714375776753,1.404982374263967,0.6597754893953081,0.800044022388529,4.517549369846402,0.8246739815961005,76,858,Buerste
41,837,9,0.03849943928587576,0.017240911229972927,0.025338965658171852,0.9875355633237192,1.1080372623459618,0.44782239819004527,0.6581645376707584,1.2259615384615385,0.6804110105580694,100,594,Buerste
42,887,7,0.07881715145944894,0.05096597949128198,0.06353458593558979,1.5368708912403353,1.7496385376774608,0.6466356439880189,0.8061010168361393,0.35964912280701755,0.8021769362430466,60,379,Buerste
43,1004,10,0.04471890041991494,0.022300979705673036,0.03989070696847391,1.2237089417624252,1.4273003108458173,0.4986924878801717,0.8920323754362516,1.013761469816361,0.5590520048516001,96,422,Buerste
44,1060,3,0.050197511439197234,0.019403007886711454,0.030464143303537757,1.1864541860173048,1.3505457334467172,0.3865332629131176,0.6068855293840228,1.085106394030813,0.6369129666107568,93,637,Buerste
45,481,2,0.05170232754526923,0.030798608231243144,0.04176896092368659,0.9563016029004618,1.1482315467279642,0.5956909426229733,0.8078738986579427,2.2938301397841374,0.7373563418901733,58,1068,Buerste
46,858,11,0.03814773397734671,0.01806133746416702,0.026357623068572374,1.026256973847099,1.1500453480548591,0.4734576757532281,0.6909354847715028,0.803921568627451,0.6852415112386417,100,321,Buerste
47,472,2,0.05568880364824598,0.031901629626924576,0.045018230868665965,0.9651390502778746,1.1776290742972633,0.5728553593722133,0.8083892617449664,0.4708994708994709,0.7086380120087985,73,149,Buerste
48,1084,4,0.066543982343728,0.04437236393957715,0.05631563732246315,1.5859788637495191,1.8280819641139605,0.6668125708253376,0.846291961180936,0.31786434847828343,0.7879226099404886,100,509,Buerste
49,688,2,0.06638321473434086,0.04072829093321077,0.05407645094664032,1.1816596847588758,1.322494562798063,0.6135329705890474,0.8146103071845646,3.960570599081166,0.7531613155123515,70,346,Buerste
5,1549,6,0.028161943760926105,0.025280352175946146,0.025280352175946146,1.6116224512165669,1.6116224512165669,0.897677816224529,0.897677816224529,1.0,1.0,26,20,Buerste
50,508,2,0.059495329030505924,0.03494880312545434,0.047989762165512324,0.9568330308653439,1.117670084941016,0.5874209571567295,0.8066139468008627,0.2904411801600013,0.7282553934091005,57,745,Buerste
51,401,3,0.06224015912230795,0.046158694048889296,0.05752608786832105,1.097433913518581,1.3484098420485329,0.7416223656848786,0.9242599742599743,0.5911601995872057,0.8023958478551148,57,451,Buerste
52,1580,2,0.032009616887246545,0.02506275470327387,0.02506275470327387,1.597750612333709,1.597750612333709,0.7829757785467129,0.7829757785467129,1.0,1.0,79,928,Buerste
53,582,2,0.07937394567967977,0.046116708721730355,0.0639056440570554,1.120524475889451,1.2694179178713028,0.5810056225230154,0.8051211705532694,4.177341160737579,0.7216374923090837,41,366,Buerste
54,704,3,0.091734263920895,0.0536932467485187,0.06724762548251706,1.2355572347815658,1.366017115306011,0.5853128858680315,0.733069876055326,4.353900784417583,0.798440783050069,45,298,Buerste
55,760,3,0.07674827185664292,0.04271688793667059,0.05512405333657781,1.2854741509115732,1.448617773452582,0.5565843621399177,0.7182448803478376,0.3292181069958848,0.7749228395061728,67,484,Buerste
56,391,3,0.06392637070674494,0.0543357594060762,0.05917505593875191,1.1852563111122045,1.3502620240980414,0.8499740999741,0.9256751992102108,0.7878787878787878,0.9182206682206682,62,1243,Buerste
57,638,20,0.037306667096154426,0.018524077647906187,0.03204343683231755,0.8944650271324196,1.036588168790784,0.49653531365217163,0.8589198480188167,1.3712574850299402,0.5780927228512408,100,804,Buerste
58,1856,1,0.043347303739498175,0.030266818150668597,0.030266818150668597,1.9257188719241698,1.9257188719241698,0.6982399258916165,0.6982399258916165,0.996078431372549,1.0,100,383,Buerste
59,796,5,0.06904779727983032,0.04293183500267508,0.05509325557235805,1.3015020268230344,1.5158544782136765,0.6217697985163095,0.7979002624671916,0.2981155117438076,0.7792575435352431,70,465,Buerste
6,600,7,0.05347392072010823,0.031966635040029,0.04316940489603917,0.9768713062459772,1.126999620826848,0.597798601814666,0.8072982926012722,0.3253012048192771,0.7404928355396896,68,955,Buerste
60,750,9,0.04784953126369462,0.028097268310328955,0.03839490028524122,1.1082485744916941,1.3027196570003572,0.5872004922156362,0.802409120240912,0.36507155349115156,0.7317968819189611,86,1833,Buerste
61,1288,72,0.054829797432058784,0.030099104641523797,0.041340535566011784,1.5235455165246843,1.877557293331279,0.5489552406028945,0.753979359804093,0.4701758225337244,0.7280772788601665,100,240,Buerste
62,544,6,0.05355358245615045,0.03486679860167501,0.0481051331009909,1.0163267607198583,1.2086500165277472,0.6510637944758199,0.8982617202197306,0.3258529199655026,0.7248041186888808,71,186,Buerste
63,785,2,0.028277053596512537,0.022860707884960602,0.024348674655911364,1.0234963883365233,1.04534677575062,0.8084543818165008,0.8610753794700283,0.5411764156777076,0.9388892088798143,35,310,Buerste
64,870,5,0.03150765777806218,0.02727885981210551,0.028952460790785513,1.1684089759364724,1.1953199042364144,0.8657850737194103,0.9189023504928453,1.9767441860465116,0.9421948624411005,45,670,Buerste
65,1040,12,0.01607930972144846,0.016057549179264878,0.016057549179264878,1.0236687601781358,1.0236687601781358,0.998646674356017,0.998646674356017,1.0,1.0,64,1787,Buerste
66,526,2,0.058160821872979024,0.03412636214050235,0.04719905814290315,0.9653614737840308,1.1263703195429102,0.5867585952453183,0.8115266707541385,0.3394160299586355,0.7230305748300953,54,580,Buerste
67,817,3,0.0687795725221257,0.026455718206705635,0.04107595713608515,1.1720095358844205,1.424187989354249,0.38464499322375256,0.5972115793954874,0.45681632608977407,0.6440682104876464,43,360,Buerste
68,417,2,0.06506872666245343,0.039757712955683255,0.055554858972646594,0.935011681478785,1.1017574034796271,0.6110110800527564,0.8537874002182277,0.31395582642176467,0.7156478063468519,42,264,Buerste
69,765,2,0.02767320811806266,0.023689184415394363,0.02472712701702924,1.0198655368445755,1.034320483048451,0.8560331825037707,0.8935403120424453,0.5098039215686274,0.9580241327300151,42,394,Buerste
7,598,12,0.06663360766089042,0.03660522178836397,0.05284827425412321,1.0378662086811072,1.2161641508152699,0.5493507416655882,0.7931174089068825,0.30903065117330036,0.6926474384451266,56,178,Buerste
70,329,3,0.07029995756093982,0.06086236013891206,0.0664524687109683,1.147886916174498,1.304942073677254,0.8657524449592059,0.945270395837205,1.4297801907189416,0.9158780903028579,50,1785,Buerste
71,770,25,0.06086555402269128,0.029743432787291444,0.043539546779443626,1.0761663507923196,1.254200569067685,0.48867431283386986,0.7153396938309582,3.533095249051717,0.6831360220160639,78,520,Buerste
72,1246,19,0.08172265374609049,0.04728121408741815,0.05743503223273432,1.8726782639738755,2.1477752887310824,0.5785570086150075,0.7028042972170607,0.48962655470301897,0.8232121102644887,48,410,Buerste
73,545,9,0.0713227968645706,0.04965916175705337,0.06331845488300727,1.005053870834402,1.1012315576288731,0.6962593159568231,0.8877730216222149,0.2046877993325886,0.7842762721991241,46,1770,Buerste
74,721,10,0.09295401361642229,0.056245718902968554,0.06941908550491052,1.3446435083337378,1.4723631280837164,0.6050918805407189,0.7468110606968581,0.2463062874080226,0.8102342244048991,46,559,Buerste
75,619,15,0.04597339916304601,0.020320077685886395,0.03697305363274227,0.9042159974575043,1.047527615970931,0.4419964165325397,0.8042271031910485,1.483221476510067,0.5495915454462632,100,568,Buerste
76,638,14,0.05995544342653768,0.03270417735396746,0.0481399843200584,1.0433655170958227,1.2460166780589894,0.5454746972898181,0.8029293349993059,0.349799010518087,0.6793557957255226,71,398,Buerste
77,593,5,0.06901527747297279,0.03956747865264034,0.05525811891118835,1.028627218349187,1.1943189214674095,0.5733147804576376,0.8006650256941745,0.2693877551020408,0.7160482374768089,58,1089,Buerste
78,786,2,0.03484584128819363,0.021696147035058302,0.029461572718890404,1.037347030113725,1.1760466139106072,0.6226323209022171,0.8454831804813532,1.6666666666666667,0.7364218890170448,89,299,Buerste
79,602,15,0.06445170327726997,0.0360783533597054,0.05076302594216853,1.0213037362174382,1.188371812488203,0.5597734664124706,0.7876134122287969,0.3070539419087137,0.710721094538522,51,144,Buerste
8,532,26,0.04984001832455335,0.03477982720382221,0.04444728678856947,1.1430326559817214,1.3956316506915298,0.6978293422233386,0.8917991662670159,0.9090485713442433,0.7824960693161264,84,561,Buerste
80,511,2,0.06925181860231588,0.04113685401583946,0.05808205057535009,0.9596411139829785,1.09369453621294,0.594018393250741,0.8387079465579224,0.2645739910313901,0.7082541612829673,44,966,Buerste
81,526,2,0.05247661901334605,0.03220868590658745,0.041956341452581224,0.9515245771096423,1.0935284169491655,0.6137721238938053,0.7995244785474981,0.35398230088495575,0.7676714601769912,70,362,Buerste
82,602,2,0.048345628574912244,0.02958532715927471,0.038838630993468605,0.962836090982313,1.0937633738434733,0.6119545454545454,0.8033535220932662,0.352,0.76175,79,115,Buerste
83,1600,1,0.02978906488667044,0.025408549108948904,0.025408549108948904,1.6197950056954926,1.6197950056954926,0.8529488658208382,0.8529488658208382,1.0,1.0,44,428,Buerste
84,641,8,0.12131750330552651,0.06632047079984033,0.08985860867945203,1.2281215240200647,1.3517090260267202,0.5466686091686092,0.7406895644163706,5.318181818181818,0.7380536130536131,39,628,Buerste
85,568,2,0.045681045477110535,0.02817982429062832,0.03908597781990565,0.9336291699393564,1.0980930952807415,0.6168822100349788,0.855627917699268,0.3159296531141136,0.7209701755568448,68,1623,Buerste
86,580,2,0.06359048526331589,0.03785262113433117,0.05046508935633419,1.0367522992428402,1.191108680570938,0.5952560509263422,0.7935949717535261,3.6650058639095895,0.7500753811620874,54,398,Buerste
87,730,2,0.07118223186108154,0.04034772761087916,0.05590716451955871,1.239579118346407,1.4313897770939605,0.5668230196774574,0.785408985611276,3.3233451015804714,0.7216915391365234,54,445,Buerste
88,705,7,0.0865712483145425,0.055780558947979876,0.06740865662937576,1.2201952010624426,1.3039351929204912,0.6443312304485932,0.7786494701388318,5.503906657558388,0.8274984510471831,66,1526,Buerste
89,881,3,0.03986132880315677,0.01794433897050978,0.032785664439236535,1.0287305788017307,1.1966701094661087,0.450169111499582,0.8224930132444583,1.0582959641255605,0.5473227179448202,86,1150,Buerste
9,513,2,0.0761684145206467,0.05073328081564946,0.06298141306864093,1.018114032473888,1.120893855965623,0.6660671767284505,0.8268704746580853,0.20065609566295184,0.8055278270806226,34,287,Buerste
90,599,2,0.03802519551065846,0.02482128775038954,0.0319614170816805,0.9291058034641595,1.0813409586943004,0.6527589777528464,0.8405326166625947,0.44262294364340654,0.7766016033318026,80,2012,Buerste
91,593,2,0.049143757756491734,0.03130685400802087,0.040007719927133166,0.9626857607466418,1.0972710245002515,0.6370464009518144,0.8140956604371239,0.3333333333333333,0.782520325203252,69,685,Buerste
92,943,2,0.09284687722305,0.05448055580360251,0.0678756754535958,1.5928036192078066,1.7993806976751134,0.5867785480035215,0.7310496322944191,3.431579174964645,0.8026521347967867,81,856,Buerste
93,465,16,0.0706692575007258,0.052101535261657055,0.06267282045870838,1.1707358761295112,1.379094514349062,0.7372588464102932,0.8868470205458818,2.550470509060273,0.8313258423718755,65,557,Buerste
94,676,2,0.047034732704964756,0.02800363297354708,0.036013087229544334,1.012745410603442,1.1608564394130385,0.5953819946039824,0.765670073123281,3.1821176357281304,0.7775960110016207,56,159,Buerste
95,537,2,0.06439088138136527,0.04102693409066224,0.05357566559659594,0.9728515090683711,1.0945130258091742,0.6371544108500966,0.8320380843878423,0.20275525465016242,0.765775536968205,52,301,Buerste
96,562,2,0.060876724897897805,0.03687517452217482,0.04964534756339666,1.0450843775950147,1.2029388073424114,0.6057351899929195,0.8155062159907852,0.34080717488789236,0.7427720084965778,66,687,Buerste
97,525,5,0.0840889142803547,0.03907647590664982,0.05926194752863572,1.013528523470858,1.1862022825360716,0.4647042507454407,0.7047533915238196,0.33014354066985646,0.6593856181956869,58,1161,Buerste
98,1388,30,0.023694233345556953,0.02191894222891638,0.02191894222891638,1.3973325670934191,1.3973325670934191,0.9250749711649365,0.9250749711649365,1.0,1.0,100,283,Buerste
99,578,3,0.06563564309615172,0.04261154058452414,0.053606425639313726,1.0588727648599567,1.1844868272503666,0.6492134239029418,0.8167273620033553,3.9719537107581555,0.7948961356094185,40,844,Buerste
