 contours_points,amount_contours,contour_length_area_ratio,contour_length_rect_area_ratio,contour_length_hull_area_ratio,contour_rect_length_ratio,contour_hull_length_ratio,extent,solidity,aspect_ratio,hull_rectangle_ratio,corners,harris_corners,type 
 676,3,0.077310469,0.038085472,0.052713795,1.149037993,1.318301222,0.492630199,0.681845496,3.399329001,0.722495348,53,901,0 
 1725,3,0.038508459,0.028407428,0.028407428,1.810973523,1.810973523,0.737693195,0.737693195,1,1,92,1582,0 
 514,2,0.049727126,0.030934866,0.039519776,0.97773579,1.13437637,0.622092382,0.794732765,0.487046632,0.782769265,62,305,0 
 492,83,0.447583776,0.087969147,0.123541432,1.140181259,1.214193981,0.196542305,0.276018566,0.124904567,0.7120619,52,15,0 
 988,5,0.042450978,0.019822185,0.032316055,1.150258373,1.313623106,0.466942956,0.761255853,1.197183127,0.613385046,54,1504,0 
 866,2,0.096720688,0.056594937,0.072005341,1.494359385,1.699571859,0.585137867,0.744466801,3.863128673,0.785982486,55,298,0 
 421,2,0.057040447,0.036189451,0.04591256,0.928936134,1.070083499,0.634452451,0.804912351,0.421965318,0.788225513,48,287,0 
 1851,36,0.040957015,0.030026641,0.030026641,1.91419835,1.91419835,0.733125721,0.733125721,1,1,100,1038,0 
 265,5,0.060846299,0.054051949,0.058545763,0.964805398,1.080774905,0.888335852,0.962191035,1.270044485,0.923242703,39,1564,0 
 432,2,0.103456275,0.061953148,0.079812658,0.97017088,1.069219506,0.598834128,0.771462707,0.181372549,0.776232114,29,52,0 
 1595,2,0.037290925,0.02670122,0.02670122,1.702202761,1.702202761,0.716024606,0.716024606,1,1,77,714,0 
 601,7,0.066168918,0.03759494,0.052774571,1.078221828,1.254657118,0.568166157,0.797573436,0.295536026,0.712368456,60,515,0 
 917,9,0.066819661,0.038745791,0.053614393,1.533334718,1.903771271,0.579856137,0.802374508,1.413564028,0.722675174,55,341,0 
 470,2,0.058884932,0.036415681,0.046182119,0.972981486,1.11611682,0.618421053,0.784277371,0.422222222,0.788523392,44,423,0 
 1013,14,0.015829774,0.015623214,0.015801336,0.995979897,1.002748498,0.986951173,0.998203509,1,0.988727413,60,440,0 
 383,2,0.068802589,0.043214528,0.058006678,0.906666879,1.051228521,0.628094504,0.84308859,0.310734463,0.744992296,31,79,0 
 790,6,0.065915123,0.042568259,0.053569385,1.311513889,1.457403029,0.645804132,0.812702491,3.660111745,0.794637815,74,524,0 
 860,8,0.056139839,0.031623879,0.046384537,1.337451143,1.630073196,0.563305482,0.826232103,1.46045965,0.68177632,63,478,0 
 1732,8,0.032693906,0.028394047,0.028431212,1.810120526,1.820876727,0.868481353,0.869618109,1,0.99869281,55,429,0 
 821,7,0.054530164,0.030074731,0.045929257,1.264597621,1.549238458,0.551524666,0.842272496,1.63636381,0.654805503,62,317,0 
 1013,3,0.015667427,0.015623214,0.015662234,0.995979897,1.00235736,0.997178008,0.999668532,1,0.997508651,41,284,0 
 1017,2,0.015662259,0.015659249,0.015661657,0.998277099,1.000610648,0.999807766,0.999961547,1,0.999846213,34,366,0 
 477,4,0.076603582,0.036430344,0.057226629,1.027695507,1.254258915,0.475569723,0.747048992,2.286829772,0.636597771,30,239,0 
 591,3,0.052327522,0.028980344,0.043523647,1.094505424,1.32618178,0.553826033,0.831754403,0.813423035,0.665852842,47,526,0 
 364,5,0.078587876,0.05928972,0.068411825,1.181313481,1.376570464,0.754438504,0.870513723,0.698412682,0.866658945,44,1288,0 
 750,7,0.06971405,0.040958759,0.059127349,1.290621106,1.531518227,0.587525165,0.848141061,0.33521127,0.692721049,69,464,0 
 1095,11,0.064970534,0.038467956,0.055396669,1.674883154,2.0844236,0.592083114,0.85264297,1.21015984,0.69440919,100,964,0 
 1852,15,0.038768963,0.029997429,0.029997429,1.9123361,1.9123361,0.773748558,0.773748558,1,1,77,967,0 
 1568,1,0.031054911,0.025617138,0.025617138,1.633092544,1.633092544,0.824898116,0.824898116,1,1,26,305,0 
 1881,12,0.039682787,0.030564443,0.030564443,1.948483215,1.948483215,0.770219146,0.770219146,1,1,79,905,0 
 929,8,0.067217217,0.037896339,0.056693687,1.43225322,1.745448695,0.563789174,0.843439972,2.399964547,0.668440189,91,900,0 
 842,11,0.061755393,0.034016159,0.04689083,1.266725171,1.532311598,0.550820863,0.759299351,0.373517224,0.725433075,63,605,0 
 1035,10,0.06591747,0.038836143,0.056054383,1.637568548,2.032497641,0.589163127,0.85037219,1.246451672,0.692829721,100,836,0 
 906,10,0.060927459,0.036322261,0.052894682,1.437943668,1.785960256,0.596155851,0.868158348,0.542289357,0.686690225,88,948,0 
 956,14,0.063618567,0.036333715,0.053804835,1.447530647,1.777507988,0.571118102,0.845741063,2.167843592,0.675287185,98,658,0 
 926,8,0.0960042,0.03725054,0.05277713,1.406655468,1.676507461,0.388009479,0.549737716,0.35652172,0.705808366,65,675,0 
 830,9,0.066001078,0.036606334,0.04903257,1.365360585,1.662299073,0.554632362,0.742905593,2.055808161,0.746571795,63,471,0 
 1014,3,0.015686017,0.015632223,0.015675978,0.996554197,1.002193415,0.99657055,0.999359998,1,0.997208766,58,555,0 
 698,4,0.056548814,0.033802829,0.049401912,1.221847305,1.521060868,0.597763713,0.87361534,1.743172192,0.68424132,72,660,0 
 1324,7,0.07107961,0.042000696,0.056571375,1.937785721,2.412959636,0.590896554,0.795887535,0.838135464,0.742437251,100,463,0 
 965,6,0.044178552,0.01831881,0.024576608,1.097414656,1.211617185,0.414653932,0.556301797,1.128318601,0.745375862,100,632,0 
 1752,7,0.035487306,0.027988174,0.027988174,1.784246098,1.784246098,0.788681276,0.788681276,1,1,67,698,0 
 1066,10,0.067864757,0.040466446,0.057591097,1.700738426,2.135894807,0.596280718,0.848615678,1.117244782,0.702651074,100,761,0 
 1680,4,0.034919126,0.027275852,0.027275852,1.738835549,1.738835549,0.781114956,0.781114956,1,1,67,551,0 
 1665,3,0.034365718,0.027051541,0.027076734,1.724535758,1.729422982,0.787166474,0.787899545,1,0.999069589,63,464,0 
 656,11,0.065825735,0.041748584,0.055870979,1.151229085,1.324971824,0.634228909,0.848771056,3.641756252,0.747232019,65,293,0 
 539,5,0.058104499,0.034739907,0.048193751,1.049467292,1.250281243,0.597886702,0.829432348,0.402450638,0.720838418,63,367,0 
 840,12,0.048381434,0.029638069,0.04055093,1.278463973,1.529665373,0.612591787,0.83815066,0.584080696,0.73088505,85,191,0 
 936,10,0.059508563,0.034657913,0.047666242,1.34697032,1.635595875,0.582402119,0.800998044,2.691892813,0.727095556,93,677,0 
 1375,16,0.068793091,0.04080233,0.056487557,1.950930681,2.440484742,0.593116684,0.821122524,0.962813754,0.722324217,100,578,0 
 1869,8,0.044391993,0.030481819,0.030494247,1.943215976,1.946892028,0.686651288,0.686931237,1,0.999592464,85,539,0 
 715,4,0.065443032,0.039743267,0.055055666,1.146520111,1.323809481,0.607295627,0.841276211,3.969628083,0.721874241,64,615,0 
 573,2,0.056256513,0.035724619,0.046370114,0.996812098,1.144836865,0.635030809,0.824262148,0.306302627,0.770423354,62,1049,0 
 948,19,0.059496252,0.036429835,0.046627949,1.473438894,1.722658522,0.612304705,0.783712367,0.494892191,0.781287536,87,650,0 
 1627,14,0.065713236,0.03965791,0.054331132,2.086202943,2.59346264,0.603499574,0.826791296,0.872415671,0.729929761,100,807,0 
 846,2,0.030338018,0.027541202,0.028688941,1.148882338,1.163934319,0.907811512,0.945643222,0.48627451,0.959993675,46,281,0 
 968,7,0.064408241,0.038906093,0.051683296,1.520787159,1.825692445,0.604054578,0.802432969,1.831560517,0.752778863,91,387,0 
 794,2,0.029504606,0.024576491,0.026155276,1.058065814,1.08241715,0.832971342,0.886481107,0.509803922,0.939638009,57,307,0 
 933,7,0.064968827,0.038084473,0.05667501,1.468263355,1.815859003,0.586196101,0.87234159,2.095183829,0.671979999,99,436,0 
 1019,5,0.015688726,0.015677266,0.015683054,0.9994257,1.000396266,0.999269512,0.999638467,1,0.999630911,100,173,0 
 766,5,0.05048153,0.030827327,0.043441049,1.209722493,1.477111637,0.610665472,0.860533533,0.472747525,0.709635882,91,157,0 
 1749,14,0.037519995,0.028394313,0.028394313,1.810137433,1.810137433,0.756778162,0.756778162,1,1,89,301,0 
 773,6,0.054872185,0.033997033,0.045261893,1.23267184,1.472361807,0.619567699,0.824860417,2.30461604,0.751118233,79,473,0 
 960,12,0.058872539,0.034695226,0.051211382,1.418998982,1.755933979,0.589327829,0.869868745,2.148048809,0.677490521,100,882,0 
 779,4,0.03155753,0.026921436,0.027218131,1.085879377,1.093129177,0.853090728,0.86249244,2.161016949,0.989099369,80,619,0 
 2024,7,0.046078376,0.033012029,0.033012029,2.10451687,2.10451687,0.716432141,0.716432141,1,1,100,805,0 
 893,17,0.049651187,0.029652422,0.042723382,1.307321037,1.614769195,0.59721476,0.860470499,0.53532023,0.694056055,98,208,0 
 885,19,0.050017652,0.029970161,0.042898074,1.305859233,1.610736245,0.599191678,0.857658697,0.532353373,0.698636509,96,216,0 
 734,22,0.059408035,0.034065061,0.04640476,1.146614988,1.320439676,0.573408302,0.781119247,3.458133238,0.734085487,81,197,0 
 875,20,0.048642005,0.029106322,0.041729209,1.278878934,1.577979273,0.598378332,0.857884232,0.529472402,0.697504757,100,279,0 
 1666,5,0.0354461,0.027200691,0.027200691,1.734044076,1.734044076,0.767381776,0.767381776,1,1,70,523,0 
 1694,1,0.037198858,0.027605815,0.027605815,1.75987069,1.75987069,0.742114571,0.742114571,1,1,68,435,0 
 1571,2,0.034416812,0.025644164,0.025644164,1.634815445,1.634815445,0.745105729,0.745105729,1,1,71,503,0 
 1578,3,0.034729221,0.025770925,0.025770925,1.642896466,1.642896466,0.742053057,0.742053057,1,1,66,525,0 
 849,2,0.027849326,0.025420356,0.026210664,1.121917423,1.137179356,0.912781724,0.941159733,1.88888909,0.96984783,46,254,0 
 1622,2,0.033329897,0.026090864,0.027946209,1.663292585,1.733453861,0.782806613,0.838472689,1,0.93361015,38,261,0 
 756,10,0.050086431,0.029421311,0.039790968,1.082972881,1.271269931,0.587410796,0.794446054,3.294955126,0.739396706,95,2056,0 
 1672,2,0.035714829,0.027127342,0.027127342,1.729368045,1.729368045,0.759554018,0.759554018,1,1,47,280,0 
 1020,4,0.015699256,0.015699015,0.015699015,1.000812183,1.000812183,0.999984621,0.999984621,1,1,51,347,0 
 939,5,0.042366978,0.015810164,0.025947248,1.007897952,1.157671565,0.373171857,0.612440373,1,0.609319493,83,448,0 
 1699,2,0.037054643,0.027459756,0.027459756,1.750559441,1.750559441,0.74106113,0.74106113,1,1,46,199,0 
 1653,2,0.035966535,0.026803296,0.026803296,1.708710135,1.708710135,0.745228758,0.745228758,1,1,41,186,0 
 603,5,0.055180114,0.032509484,0.047116616,1.081699632,1.33942804,0.589152169,0.853869494,2.246898283,0.689979175,44,241,0 
 486,15,0.055821798,0.036852935,0.048552911,1.098586467,1.35272298,0.660188976,0.869784077,0.643850765,0.759026283,42,188,0 
 1020,2,0.015727397,0.015724495,0.015724495,1.00243655,1.00243655,0.999815456,0.999815456,1,1,42,197,0 
 877,17,0.050179136,0.030818661,0.042087469,1.299374132,1.576284429,0.614172804,0.838744383,0.48338698,0.732252658,97,461,0 
 840,9,0.064893158,0.039224372,0.051674051,1.347201564,1.544533713,0.604445426,0.796294284,2.778325136,0.759072919,92,722,0 
 756,3,0.047012065,0.028564553,0.039799164,1.134399785,1.347786112,0.607600462,0.846573404,0.412069704,0.717717399,87,581,0 
 1517,38,0.064429923,0.030788782,0.048044256,1.777457274,2.036199747,0.477864637,0.745682342,0.82745096,0.640842099,100,1258,0 
 648,16,0.058186144,0.035017417,0.051189855,1.130755438,1.366667869,0.601817109,0.879760226,2.582699341,0.684069467,84,559,0 
 972,9,0.088911454,0.044096935,0.054881982,1.566592155,1.845221942,0.495964615,0.617265597,2.390742149,0.803486566,66,331,0 
 638,11,0.048692648,0.029702296,0.042661224,1.076725568,1.313035075,0.609995496,0.876132753,0.457435251,0.69623638,73,289,0 
 708,7,0.056328283,0.034176563,0.046688309,1.173693516,1.373542911,0.606738945,0.82886086,0.360983094,0.732015438,74,498,0 
 716,4,0.047779429,0.030076269,0.040662403,1.156197111,1.406495099,0.629481552,0.851044131,0.518675678,0.739657944,71,459,0 
 761,5,0.045247845,0.02864863,0.038647605,1.155232931,1.405135503,0.633149051,0.85413138,0.489990362,0.741278292,80,446,0 
 800,4,0.044224746,0.027502896,0.037635715,1.137420307,1.37842073,0.621889302,0.851010309,0.409697834,0.730765885,80,560,0 
 825,5,0.045939208,0.028550668,0.039064531,1.139322479,1.363848912,0.621488033,0.850352728,0.347935546,0.730859105,89,673,0 
 1748,4,0.037060627,0.028398044,0.028398044,1.810375316,1.810375316,0.766259131,0.766259131,1,1,90,857,0 
 692,2,0.060048327,0.035530737,0.051649338,1.12168345,1.321575847,0.591702368,0.860129516,3.23753119,0.687922409,73,803,0 
 846,5,0.053250825,0.032627946,0.046935542,1.367084183,1.698820118,0.612721881,0.881404969,0.827629705,0.695164995,100,887,0 
 1358,26,0.092560012,0.051223401,0.064170344,1.94134748,2.213792571,0.553407462,0.693283659,0.341824537,0.79824103,100,995,0 
 542,2,0.039069572,0.024807947,0.035011608,0.941749892,1.138426421,0.634968498,0.896134918,1.646142914,0.708563504,54,175,0 
 733,2,0.049514559,0.030468264,0.042846663,1.170760307,1.436174321,0.615339504,0.86533465,0.474467017,0.711100039,83,511,0 
 1703,6,0.036229518,0.027699633,0.027699633,1.765851577,1.765851577,0.764559785,0.764559785,1,1,82,690,0 
 787,4,0.041156928,0.026179637,0.035725988,1.110397675,1.33091995,0.636093076,0.868043106,0.417443397,0.732789733,84,612,0 
 912,2,0.034454283,0.019035653,0.025510927,1.066833321,1.177968443,0.552490196,0.740428327,0.784313725,0.746176471,75,588,0 
 789,2,0.058732524,0.034568693,0.051378333,1.274429716,1.553297056,0.588578372,0.874785042,2.244140545,0.672826287,91,840,0 
 784,5,0.047167226,0.030205204,0.042335371,1.264878342,1.560101061,0.640385411,0.897559053,0.789473676,0.713474404,100,845,0 
 670,6,0.049300235,0.03098603,0.04291519,1.098094252,1.329333841,0.628516882,0.870486523,0.404033849,0.722029423,79,689,0 
 1305,9,0.067995896,0.040686803,0.053864022,1.904460294,2.342869116,0.598371449,0.792165786,0.879704602,0.75536139,100,736,0 
 793,5,0.049714396,0.030726848,0.041314832,1.233645051,1.511232217,0.618067414,0.831043631,0.535862823,0.743724386,72,517,0 
 748,3,0.044835592,0.028526495,0.038656189,1.118833093,1.309583452,0.636246652,0.862176398,0.39758227,0.737954151,67,522,0 
 670,2,0.059282565,0.037493494,0.046683974,1.133749677,1.2890365,0.632453977,0.787482365,0.336446846,0.803134146,59,970,0 
 524,2,0.0676138,0.040944681,0.055443517,0.953147604,1.073621422,0.60556692,0.820002968,0.245762712,0.738493571,34,762,0 
 638,2,0.046995527,0.030116642,0.040277534,1.053979718,1.225285127,0.640840603,0.857050366,2.687637983,0.747728055,85,448,0 
 753,3,0.07927251,0.047357813,0.065420739,1.235114245,1.413899673,0.59740524,0.825263883,4.411375422,0.72389602,65,539,0 
 748,5,0.045555206,0.029004449,0.039039947,1.130202499,1.336838269,0.636687895,0.856981012,0.401838096,0.742942826,65,492,0 
 739,25,0.075057736,0.054854221,0.06888131,1.282194493,1.366176307,0.730827014,0.917711,0.2406639,0.796358563,100,947,0 
 701,11,0.050418547,0.043400679,0.04446875,1.142059397,1.162883365,0.860807806,0.881991897,0.259183394,0.975981535,100,653,0 
 663,16,0.068354609,0.051661734,0.055155079,1.133454931,1.152440611,0.755790062,0.806896279,4.811320872,0.936663214,100,388,0 
 601,8,0.058470188,0.051553958,0.053753593,1.004531432,1.011194354,0.881713555,0.919333333,0.180392157,0.959079284,100,429,0 
 874,15,0.048454155,0.044372413,0.045029583,1.338147081,1.346097899,0.915760735,0.92932346,0.309803922,0.985405808,100,472,0 
 895,21,0.052211474,0.03161486,0.035523409,1.255288084,1.347413475,0.605515569,0.680375528,2.393402876,0.889972587,100,637,0 
 637,32,0.115766379,0.06880838,0.08930106,1.55703075,1.733453575,0.594372741,0.771390285,0.436241611,0.770521425,100,594,0 
 405,20,0.061199611,0.046042253,0.057082265,1.09107369,1.333924034,0.752329182,0.932722678,0.549826348,0.806594714,56,989,0 
 793,16,0.081727162,0.044053683,0.062866336,1.410763197,1.61419948,0.539033556,0.769222054,0.467661692,0.700751561,100,473,0 
 2020,30,0.052589818,0.033613001,0.033613001,2.142828838,2.142828838,0.639154171,0.639154171,1,1,100,665,0 
 696,16,0.076805571,0.040947548,0.060567439,1.227604758,1.39369339,0.53313253,0.788581329,0.384259259,0.676065373,100,620,0 
 800,43,0.098939664,0.052394579,0.073999506,1.362090584,1.564238789,0.529560915,0.747925583,0.269387755,0.708039579,100,385,0 
 810,21,0.105880378,0.05015157,0.071007009,1.362744741,1.499105048,0.473662551,0.67063426,0.288065844,0.706290417,100,392,0 
 785,51,0.157147902,0.0640279,0.078618289,1.559604972,1.759630287,0.407437194,0.500282141,3.1875,0.814414828,100,373,0 
 714,32,0.105421829,0.063023945,0.079111321,1.530725238,1.788923115,0.597826324,0.750426379,0.358695629,0.796648867,100,739,0 
 410,40,0.079837073,0.062384211,0.072848896,1.244815972,1.364734122,0.781394009,0.91246952,1.806451613,0.856350806,100,682,0 
 808,38,0.120651858,0.071011949,0.082765556,1.409069881,1.515955777,0.588569045,0.68598658,5.425531915,0.857989153,100,1002,0 
 673,29,0.081012589,0.047213585,0.06305116,1.270775713,1.424594523,0.582793184,0.778288417,2.808219178,0.748813899,100,632,0 
 636,10,0.060268134,0.037610455,0.049483017,1.115380197,1.28523855,0.624052101,0.821047767,0.296939834,0.760067959,78,128,0 
 641,2,0.063967472,0.041810117,0.050088726,1.147926758,1.284479424,0.65361527,0.783034316,3.275350644,0.834721106,42,221,0 
 1799,1,0.034323476,0.028640902,0.028640902,1.825857521,1.825857521,0.8344406,0.8344406,1,1,51,156,0 
 510,3,0.073257746,0.041970999,0.057196598,1.007091584,1.157247319,0.572922334,0.78075837,0.278634331,0.733802358,25,258,0 
 632,2,0.04686087,0.026581929,0.03997456,0.967938372,1.163958493,0.567252149,0.853047749,0.339901503,0.664971157,82,418,0 
 598,2,0.051520489,0.03350925,0.043685529,1.111333556,1.302592465,0.650406291,0.847925352,0.507614214,0.767056073,66,103,0 
 1918,1,0.041096572,0.031063391,0.031097817,1.980290953,1.990558418,0.75586331,0.756700999,1,0.998892973,62,259,0 
 768,6,0.029084664,0.02398255,0.026775525,1.037742336,1.082563566,0.824577159,0.920606273,0.51372549,0.895689268,53,109,0 
 771,2,0.025100196,0.02328291,0.024060074,1.017576976,1.031817872,0.927598732,0.958561221,1.917293444,0.967698996,58,214,0 
 1702,2,0.033092699,0.027206499,0.027206499,1.734414307,1.734414307,0.82212995,0.82212995,1,1,62,174,0 
 1024,3,0.033577417,0.029793372,0.031678851,1.352551147,1.397818127,0.887303872,0.943457046,1.808510813,0.940481473,69,138,0 
 1274,7,0.020656025,0.020203991,0.020203991,1.288004411,1.288004411,0.978116109,0.978116109,1,1,100,585,0 
 1308,4,0.050397183,0.038544629,0.039946161,1.749838567,1.780137938,0.764817133,0.792626861,0.552941176,0.964914476,91,210,0 
 1569,1,0.02873336,0.024848999,0.024848999,1.584123657,1.584123657,0.864813533,0.864813533,1,1,39,176,0 
 829,2,0.031058044,0.022483677,0.026138762,1.05726133,1.110212735,0.723924435,0.841610061,0.584313676,0.86016609,48,158,0 
 1560,1,0.029103509,0.024818881,0.024818881,1.582203686,1.582203686,0.8527797,0.8527797,1,1,49,139,0 
 655,8,0.071255985,0.037754137,0.055285972,1.238975762,1.525557847,0.529838125,0.7758783,0.495453549,0.682888186,57,835,0 
 1571,1,0.029373584,0.024854276,0.024854276,1.584460074,1.584460074,0.846143791,0.846143791,1,1,45,139,0 
 850,6,0.033397795,0.029487519,0.031382009,1.189382476,1.221693482,0.882918133,0.939643129,2.16101697,0.939631341,51,262,0 
 1570,1,0.030046933,0.024845267,0.024851955,1.583885774,1.589179415,0.826881968,0.827104565,1,0.999730873,51,118,0 
 391,2,0.04340139,0.034831417,0.041664745,0.936722133,1.087389452,0.80254151,0.95998642,1.660303096,0.835992565,38,92,0 
 379,2,0.04260997,0.035346907,0.040806623,0.926766849,1.068492773,0.829545455,0.957677808,0.659090909,0.866205155,34,33,0 
 1479,2,0.028051633,0.023554096,0.023554096,1.501573646,1.501573646,0.839669358,0.839669358,1,1,100,202,0 
 1658,1,0.033771148,0.027510833,0.027737332,1.753815384,1.780550169,0.814625339,0.821332217,1,0.991834147,55,194,0 
 1529,1,0.029295098,0.024998258,0.02501557,1.593638975,1.596700222,0.853325644,0.85391659,1,0.999307958,48,181,0 
 1411,1,0.026580007,0.023145351,0.023145351,1.47551615,1.47551615,0.870780469,0.870780469,1,1,41,171,0 
 1620,1,0.031512187,0.026646153,0.026665837,1.698692238,1.704824507,0.845582468,0.846207119,1,0.999261822,48,234,0 
 1581,1,0.029372753,0.025632329,0.025639427,1.634060983,1.639124821,0.872656671,0.872898303,1,0.999723183,52,179,0 
 611,2,0.044990456,0.026889839,0.035094342,0.972356969,1.118845283,0.59767874,0.780039698,2.796610092,0.766215798,74,1229,0 
 1478,1,0.026419692,0.023583308,0.02358349,1.503435896,1.504299816,0.892641292,0.892648156,1,0.999992311,49,185,0 
 1573,1,0.029214156,0.025394638,0.02539874,1.618908195,1.622701222,0.869257978,0.869398365,1,0.999838524,57,249,0 
 1822,4,0.038338813,0.029536075,0.029830821,1.882924561,1.94400196,0.770396186,0.778084107,1,0.990119422,68,299,0 
 1015,2,0.015666167,0.015641231,0.015659896,0.997128498,1.001645095,0.998408304,0.999599677,1,0.998808151,59,144,0 
 680,8,0.070873643,0.040424019,0.05414971,1.185301089,1.411024449,0.570367452,0.764031693,0.339543695,0.746523288,77,1138,0 
 1847,4,0.042351894,0.030181708,0.031027969,1.924083899,2.001556285,0.712641292,0.732622942,1,0.972725875,78,382,0 
 1950,2,0.043817873,0.031670163,0.031689413,2.018972916,2.024606505,0.722768166,0.723207485,1,0.999392541,74,303,0 
 1657,1,0.035028199,0.026839337,0.027220905,1.711007542,1.742515226,0.766220868,0.777114024,1,0.98598255,56,91,0 
 1007,2,0.015634441,0.015569166,0.015626357,0.992534213,1.005013633,0.995824921,0.999482921,1,0.996340108,49,178,0 
 1684,1,0.033912248,0.02769409,0.02769409,1.765498253,1.765498253,0.816639754,0.816639754,1,1,48,210,0 
 1561,1,0.030036648,0.025018998,0.025077806,1.594960929,1.611236914,0.832949065,0.834906933,1,0.997654987,46,72,0 
 615,2,0.048085574,0.030023892,0.039099691,1.052913781,1.237187865,0.624384601,0.813127241,2.33248057,0.76788056,26,353,0 
 1012,2,0.015685276,0.015639686,0.015660036,0.997029963,1.003522363,0.997093426,0.998390835,1,0.9987005,32,138,0 
 589,2,0.061326072,0.029519434,0.044602816,1.103301172,1.358301889,0.481352105,0.727305942,1.30336877,0.661828918,47,109,0 
 1009,2,0.015615156,0.015587183,0.01561251,0.993682814,1.001689447,0.99820862,0.999830559,1,0.998377786,38,126,0 
 709,15,0.043459068,0.026723837,0.035851675,1.063245651,1.239702235,0.614919697,0.824952701,0.375361121,0.745399944,96,2310,0 
 574,2,0.087195443,0.030613834,0.045921243,1.120118999,1.361988018,0.351094426,0.526647287,1.242030578,0.666659517,42,107,0 
 1006,2,0.015610568,0.015560154,0.015605753,0.991959794,1.003353522,0.996770473,0.999691525,1,0.997078047,38,153,0 
 1012,2,0.015795309,0.015662888,0.015772593,0.996547428,1.002341041,0.991616489,0.998561867,0.996078431,0.993044619,38,55,0 
 1506,1,0.028171813,0.025020388,0.025060464,1.595049557,1.607480608,0.888135545,0.889558078,1,0.998400854,34,120,0 
 409,3,0.061467421,0.045706305,0.056175347,1.047436161,1.225138984,0.743585859,0.913904407,0.44,0.813636364,29,104,0 
 1030,2,0.016090936,0.015992943,0.015992943,1.019550122,1.019550122,0.993910035,0.993910035,1,1,34,99,0 
 996,2,0.015610023,0.015470067,0.015600703,0.986216789,1.005446593,0.991034218,0.99940292,1,0.991626298,42,68,0 
 2093,34,0.057874138,0.034652836,0.034652836,2.209118274,2.209118274,0.598762015,0.598762015,1,1,100,983,0 
 1479,2,0.031468335,0.023796165,0.023819236,1.517005313,1.531243306,0.756193953,0.756927127,1,0.999031381,55,83,0 
 1386,3,0.033170947,0.022588892,0.023924468,1.44004187,1.50796033,0.680984237,0.721247659,1,0.944175317,62,158,0 
 644,3,0.052389109,0.02954464,0.039440364,1.04170288,1.229272595,0.563946227,0.752835188,2.694644039,0.74909653,62,243,0 
 1526,1,0.028604386,0.025277002,0.025299757,1.611408668,1.621821415,0.883675721,0.884471227,1,0.999100585,32,84,0 
 1002,2,0.01559993,0.015524123,0.015594146,0.98966271,1.00348504,0.995140569,0.999629246,1,0.995509658,41,221,0 
 999,2,0.01561851,0.015497093,0.015608592,0.98793969,1.004764934,0.992226067,0.999364937,1,0.992856594,40,164,0 
 1004,2,0.015614415,0.01554214,0.015607904,0.990811311,1.003752026,0.995371249,0.999583018,1,0.995786474,38,169,0 
 1003,3,0.015645613,0.015533128,0.015637256,0.990236892,1.004420237,0.992810458,0.999465878,1,0.993341023,33,40,0 
 988,3,0.015699801,0.015397998,0.015651332,0.981622386,1.008847432,0.980776624,0.996912736,1,0.983813918,35,48,0 
 1011,2,0.015633687,0.015605201,0.015630075,0.994831415,1.002250052,0.998177863,0.999768952,1,0.998408543,36,112,0 
 1470,8,0.030014742,0.023880703,0.024992238,1.522394811,1.591699939,0.795632449,0.832665411,1,0.955524798,64,256,0 
 926,2,0.083577826,0.050499935,0.061848423,1.478972295,1.644370333,0.604226475,0.740009949,4.221912634,0.816511286,88,551,0 
 1370,6,0.028030207,0.022151731,0.023086184,1.412172845,1.470688012,0.790280661,0.823618034,1,0.95952326,42,107,0 
 405,13,0.077812704,0.053481479,0.06445916,1.17790349,1.391874774,0.687310378,0.828388639,1.888113152,0.829695563,48,285,0 
 1446,3,0.027836176,0.023664501,0.024060227,1.508611781,1.551497512,0.850134767,0.864350994,1,0.983552715,50,205,0 
 1692,2,0.031563576,0.0272056,0.027362129,1.734356794,1.753002671,0.861930233,0.866889394,1,0.994279361,47,179,0 
 1413,6,0.028187449,0.023112414,0.024376895,1.473416194,1.566139542,0.81995406,0.864813794,1,0.94812787,54,139,0 
 1060,2,0.01650415,0.016479784,0.016479784,1.050586254,1.050586254,0.998523645,0.998523645,1,1,30,76,0 
 1345,1,0.024161097,0.021149367,0.021149367,1.348272145,1.348272145,0.875347943,0.875347943,1,1,35,86,0 
 1410,1,0.025057891,0.022168093,0.022168093,1.413215911,1.413215911,0.884675125,0.884675125,1,1,38,130,0 
 1662,3,0.032618039,0.026731499,0.027264198,1.704132842,1.763777267,0.819531146,0.835862567,1,0.980461596,55,224,0 
 866,4,0.024935465,0.018983869,0.021292687,1.011281107,1.055699359,0.761320047,0.853911789,0.717647059,0.891567556,54,224,0 
 1820,1,0.035003388,0.029097633,0.029341519,1.854973904,1.890126965,0.831280476,0.838247951,1,0.99168805,52,225,0 
 555,2,0.056405994,0.03732615,0.047292064,0.974942498,1.09409384,0.66174083,0.838422656,4.482074618,0.789268784,50,264,0 
 572,2,0.055068044,0.031629596,0.044423619,0.998916521,1.184068665,0.574372963,0.806704135,0.342586726,0.711999527,47,422,0 
 1013,2,0.015871216,0.015725135,0.015773529,1.002477364,1.008978136,0.990795848,0.993845015,1,0.996931949,65,236,0 
 1891,2,0.040061284,0.030616309,0.031291709,1.951789669,2.005464658,0.764236832,0.781096013,1,0.978415994,66,213,0 
 711,3,0.027055013,0.025042406,0.026399621,0.986426497,1.020908876,0.925610595,0.975775598,2.236842105,0.948589611,33,162,0 
 1413,1,0.028526876,0.022921306,0.02300693,1.461233266,1.479557059,0.803498654,0.806500162,1,0.996278354,55,173,0 
 1690,1,0.041004893,0.027646221,0.028286556,1.762446588,1.809627544,0.674217609,0.689833682,1,0.977362553,61,160,0 
 1018,2,0.01566898,0.015668257,0.01566886,0.998851399,1.000174884,0.999953864,0.99999231,1,0.999961553,46,145,0 
 1007,2,0.015598068,0.015569166,0.015595064,0.992534213,1.000963736,0.998147105,0.999807446,1,0.998339339,53,213,0 
 1007,2,0.015606483,0.015569166,0.015600351,0.992534213,1.001514615,0.997608851,0.999607058,1,0.998001008,60,206,0 
 1605,2,0.03219475,0.026409108,0.026613538,1.683580465,1.715227824,0.820292392,0.82664218,1,0.992318577,56,87,0 
 1008,2,0.015600243,0.015578175,0.015598801,0.993108513,1.000729207,0.998585399,0.999907606,1,0.998677671,45,184,0 
 750,2,0.060290507,0.037875953,0.047155762,1.178440364,1.319057836,0.62822416,0.782142392,3.920757839,0.803209449,71,950,0 
 525,5,0.060463088,0.042114658,0.052452781,1.005656073,1.115676808,0.696535022,0.867517401,0.277272727,0.80290611,62,1068,0 
 1621,12,0.03174825,0.026094596,0.026094596,1.663530468,1.663530468,0.821922338,0.821922338,1,1,86,516,0 
 1859,1,0.042084602,0.030748457,0.030748457,1.960214107,1.960214107,0.730634371,0.730634371,1,1,62,218,0 
 1840,1,0.038562461,0.029991246,0.029991246,1.911941962,1.911941962,0.777731642,0.777731642,1,1,54,246,0 
 1974,1,0.046560621,0.032956542,0.032956542,2.100979533,2.100979533,0.707820069,0.707820069,1,1,75,181,0 
 1012,2,0.015657263,0.015639686,0.015649794,0.997029963,1.002322396,0.998877355,0.999522952,1,0.999354095,57,221,0 
 1002,2,0.015806887,0.015562339,0.015726803,0.992099142,1.013463733,0.984529027,0.994933561,1,0.989542484,53,141,0 
 660,4,0.028254315,0.0200774,0.026336184,0.961442226,1.175059335,0.710595896,0.932111942,1.646846904,0.762350383,81,145,0 
 1505,1,0.040015822,0.024820272,0.024820272,1.582292314,1.582292314,0.620261438,0.620261438,1,1,60,63,0 
 1927,3,0.049758067,0.031246383,0.031246383,1.991956887,1.991956887,0.627966167,0.627966167,1,1,64,175,0 
 1763,1,0.039504599,0.028711536,0.028711536,1.83036039,1.83036039,0.726789696,0.726789696,1,1,73,238,0 
 558,2,0.075419834,0.042890885,0.059178828,0.967681187,1.084150625,0.568695041,0.784658691,4.519333817,0.724767402,52,795,0 
 1012,3,0.016446795,0.015881748,0.016176419,1.012461448,1.046548187,0.965643983,0.983560592,1,0.981783929,55,178,0 
 1065,7,0.016590475,0.016563048,0.016563048,1.055894306,1.055894306,0.99834679,0.99834679,1,1,76,530,0 
 1008,2,0.015651084,0.015590915,0.015629971,0.993920697,1.003584501,0.996155563,0.998650992,1,0.9975012,55,88,0 
 609,3,0.033099242,0.027457658,0.031563106,1.037018311,1.186280425,0.829555489,0.953589971,0.426086958,0.869928916,56,130,0 
 941,2,0.054570851,0.028915888,0.040260257,1.354487801,1.664014667,0.529877892,0.7377612,0.595841111,0.718224125,71,136,0 
 1905,1,0.040315734,0.030538587,0.030538587,1.946834941,1.946834941,0.757485582,0.757485582,1,1,48,137,0 
 1846,1,0.040084303,0.030070779,0.030070779,1.917012131,1.917012131,0.750188389,0.750188389,1,1,53,103,0 
 420,2,0.047257465,0.031812339,0.044385757,0.923525659,1.105908829,0.673170668,0.939232708,0.523406803,0.716724048,27,80,0 
 1644,1,0.033416831,0.027155383,0.027155383,1.731155667,1.731155667,0.812625913,0.812625913,1,1,54,194,0 
 1792,2,0.037897843,0.029826375,0.029826375,1.901431392,1.901431392,0.787020377,0.787020377,1,1,53,218,0 
 796,2,0.028309688,0.023892801,0.024706667,1.054499572,1.066586652,0.843979666,0.872728365,0.529411765,0.967058824,51,292,0 
 1740,1,0.040183703,0.028720919,0.02988244,1.830958598,1.913011658,0.714740484,0.743645746,1,0.961130334,72,270,0 
 1497,1,0.031581748,0.0244934,0.025458086,1.561454242,1.632133191,0.775555556,0.806101245,1,0.962106882,70,288,0 
 366,33,0.111775406,0.056436559,0.07597601,1.037306205,1.212407453,0.504910351,0.67972028,0.332213515,0.742820784,74,419,0 
 1485,1,0.029552134,0.024130494,0.024134576,1.538318969,1.542484941,0.816539792,0.816677946,1,0.999830834,44,181,0 
 1557,3,0.030563349,0.025352427,0.025554222,1.616217048,1.649914497,0.829504235,0.836106741,1,0.992103275,45,206,0 
 1449,1,0.027761787,0.0235259,0.023708935,1.499776118,1.530229797,0.847420223,0.854013298,1,0.992279892,44,146,0 
 1453,1,0.027766428,0.023498239,0.023650631,1.498012582,1.528575156,0.846282402,0.851770733,1,0.993556562,47,205,0 
 1406,1,0.028141914,0.023164014,0.023425918,1.476705742,1.512979965,0.823114384,0.832420915,1,0.988819921,30,63,0 
 1537,1,0.029138997,0.024446061,0.024446061,1.558436392,1.558436392,0.838946559,0.838946559,1,1,40,121,0 
 1589,1,0.03117824,0.026188523,0.026188523,1.669518356,1.669518356,0.839961553,0.839961553,1,1,35,223,0 
 1025,8,0.085782895,0.052174916,0.066416794,1.67965056,1.92735252,0.608220507,0.774242861,0.334616472,0.785568117,69,398,0 
 1526,1,0.027006298,0.023952022,0.023952022,1.526941401,1.526941401,0.886905037,0.886905037,1,1,33,150,0 
 1531,1,0.027958863,0.024251868,0.024251868,1.546056571,1.546056571,0.867412534,0.867412534,1,1,39,399,0 
 850,7,0.118833521,0.068349062,0.083288588,1.563750656,1.716186126,0.575166517,0.70088463,0.245689655,0.820629377,100,954,0 
 271,3,0.065412814,0.049845618,0.062100605,0.922243886,1.124697568,0.762016111,0.949364514,0.508802244,0.802659146,34,531,0 
 385,2,0.052292936,0.037073995,0.048071768,0.91672875,1.08455521,0.708967554,0.919278415,2.186082989,0.7712218,28,174,0 
 596,13,0.088686671,0.045552436,0.055587926,1.147537817,1.283758267,0.513633399,0.62679008,0.313283553,0.819466381,50,660,0 
 1580,2,0.033369467,0.025737982,0.025737982,1.640796333,1.640796333,0.771303345,0.771303345,1,1,74,897,0 
 640,2,0.05901936,0.036751506,0.048812977,1.014099608,1.142181411,0.622702547,0.827067198,4.743047678,0.752904418,46,417,0 
 551,2,0.063291185,0.035467862,0.047279009,1.039635451,1.21109584,0.560391817,0.747007796,2.960676971,0.750182019,47,515,0 
 662,3,0.072185974,0.037866465,0.049935036,1.113417405,1.268895693,0.524568179,0.691755385,0.326359833,0.758314559,60,825,0 
 594,2,0.05843567,0.035637153,0.046365503,1.013177241,1.15441571,0.609852732,0.793445223,3.828876812,0.768613528,64,330,0 
 601,2,0.044535796,0.026033374,0.038056205,0.911645274,1.068257776,0.584549433,0.854508249,3.543307262,0.684076992,77,190,0 
 891,4,0.03483738,0.028723761,0.030150096,1.211147562,1.231606724,0.824509804,0.865452467,2.023809524,0.952692188,74,732,0 
 1101,2,0.06214489,0.038622926,0.051567091,1.539826904,1.799211732,0.621498029,0.829788112,2.72177589,0.748984012,85,268,0 
 1556,1,0.030593361,0.024948469,0.024948469,1.590464869,1.590464869,0.815486351,0.815486351,1,1,54,517,0 
 1611,1,0.031553366,0.025482164,0.025482164,1.624487944,1.624487944,0.807589389,0.807589389,1,1,77,81,0 
 602,24,0.099473318,0.048845342,0.070900105,1.407373533,1.685483651,0.491039636,0.712754997,1.628552822,0.688931875,45,489,0 
 513,2,0.049134315,0.03843996,0.044222623,1.003482959,1.105785963,0.782344483,0.900035411,3.687968012,0.869237447,57,1184,0 
 1786,14,0.042533316,0.0294793,0.0294793,1.879305371,1.879305371,0.693087274,0.693087274,1,1,99,970,0 
 1517,1,0.029610886,0.024253148,0.024253148,1.546138199,1.546138199,0.819061899,0.819061899,1,1,65,1005,0 
 570,2,0.060773328,0.031877861,0.047505222,0.965273559,1.155220487,0.524537037,0.781678804,0.3375,0.671039095,59,788,0 
 1960,2,0.03991322,0.031734769,0.031734769,2.023091553,2.023091553,0.795094195,0.795094195,1,1,91,490,0 
 574,2,0.05234698,0.030813182,0.042791122,0.960974581,1.139370626,0.588633418,0.817451588,0.330677291,0.720083521,61,230,0 
 569,3,0.05786228,0.032769338,0.04640538,0.974088549,1.149122092,0.566333333,0.801997095,0.312,0.706153846,52,517,0 
 828,2,0.032306342,0.017099613,0.026089025,0.966333481,1.090586937,0.529295856,0.807551174,1.256157635,0.655433208,64,2005,0 
 361,6,0.048719304,0.039633566,0.046481921,0.982525774,1.169280632,0.813508461,0.95407604,0.694214876,0.852666273,56,1097,0 
 2127,6,0.038768687,0.0340291,0.0340291,2.1693551,2.1693551,0.87774702,0.87774702,1,1,58,68,0 
 503,2,0.07217596,0.055194917,0.063199339,0.964018078,1.040633663,0.76472716,0.875628661,0.173728814,0.873346424,41,993,0 
 415,2,0.069959134,0.044639342,0.059697809,0.962812507,1.112893334,0.638077399,0.853324021,0.297464617,0.747755112,24,298,0 
 1732,2,0.032645525,0.027795261,0.027795261,1.771947906,1.771947906,0.851426374,0.851426374,1,1,51,455,0 
 494,2,0.05536616,0.04491284,0.050580444,0.948520269,1.035218833,0.811196581,0.913562422,4.326923077,0.887948718,51,246,0 
 765,20,0.076834322,0.03419702,0.047896306,1.197360821,1.414218999,0.445074791,0.623371234,2.805626459,0.713980317,70,266,0 
 1034,4,0.040760319,0.030193463,0.031498857,1.364438779,1.390250049,0.740756303,0.772782397,0.549019608,0.958557423,74,417,0 
 681,12,0.058291054,0.033023131,0.045549599,1.10186952,1.301651727,0.566521429,0.781416625,0.335628671,0.724992802,61,554,0 
 555,2,0.03862551,0.022708478,0.031754454,0.903560314,1.102711376,0.587913998,0.822110921,0.493812351,0.715127343,80,811,0 
 447,9,0.051883478,0.038658001,0.045339979,1.083605701,1.274311731,0.745092694,0.87388087,0.748091603,0.852625019,57,258,0 
 768,2,0.028088863,0.020072995,0.025805927,0.97526986,1.053446614,0.714624703,0.918724511,0.615686275,0.777844386,32,305,0 
 642,2,0.041176604,0.022901231,0.03227807,0.97686547,1.19137536,0.55617095,0.783893433,0.512701627,0.709498162,62,191,0 
 622,3,0.055104291,0.033085811,0.045019742,1.04397609,1.219234623,0.600421677,0.816991581,3.003759525,0.734917827,68,188,0 
 446,2,0.067414705,0.047345496,0.056513535,0.986366773,1.091494394,0.702302208,0.838296854,0.289066947,0.837772686,33,211,0 
 794,5,0.059909681,0.036760182,0.049095111,1.184778251,1.371386246,0.613593348,0.819485438,0.25665698,0.748754425,80,470,0 
 604,15,0.074035526,0.036137992,0.052370344,1.137782081,1.374471214,0.488116901,0.707367748,0.476923077,0.690046871,44,285,0 
 678,6,0.042327476,0.026479936,0.033852014,1.045052827,1.226760995,0.625596867,0.799764535,0.489781746,0.782226317,80,902,0 
 1160,14,0.059030048,0.020574077,0.032847156,1.25806284,1.435662286,0.34853567,0.556448068,1.085106383,0.626357947,100,364,0 
 596,2,0.05153125,0.029963792,0.041093421,0.972975982,1.1346514,0.581468365,0.797446614,3.384177908,0.729162749,71,1154,0 
 564,3,0.052026239,0.032692468,0.041684928,0.97696521,1.111146422,0.628384232,0.801228942,0.355263158,0.784275504,55,44,0 
 643,57,0.059465599,0.025797209,0.041060981,0.970439792,1.146206772,0.43381736,0.690499745,2.244310015,0.628265778,61,1030,0 
 560,2,0.041455001,0.025959872,0.036036814,0.926873051,1.112204264,0.626218089,0.869299549,0.408533327,0.72037089,83,118,0 
 480,2,0.058789021,0.037172309,0.047139264,0.955918165,1.084781946,0.632300187,0.801837867,0.341584158,0.788563639,53,387,0 
 422,26,0.066796322,0.055710102,0.062295519,1.232283231,1.425459848,0.834029484,0.932618999,0.672727273,0.894287469,57,1340,0 
 638,5,0.0580346,0.034573037,0.045999727,1.097909186,1.278573489,0.59573146,0.792625888,3.108405464,0.751592231,74,522,0 
 693,2,0.055357565,0.033333122,0.04390732,1.114349569,1.28854486,0.602142124,0.79315844,3.233601439,0.759170038,18,215,0 
 594,3,0.062140942,0.033161419,0.049088497,1.027274745,1.211236466,0.533648469,0.789954178,3.19999985,0.675543574,48,242,0 
 747,3,0.055559078,0.03322667,0.044797801,1.180995487,1.382703807,0.598042129,0.806309293,2.88417599,0.741703133,68,323,0 
 493,3,0.069268658,0.05108396,0.06093069,0.946609589,1.039685696,0.737475822,0.879628562,0.187234043,0.838394584,40,575,0 
 1315,13,0.022640202,0.020675266,0.020675266,1.318048197,1.318048197,0.913210304,0.913210304,1,1,50,1414,0 
 464,2,0.076496402,0.047493651,0.062440543,0.958124818,1.08332434,0.620861244,0.816254639,0.23923445,0.76062201,37,492,0 
 540,2,0.068279823,0.045177823,0.054416807,1.042589623,1.145311725,0.661657003,0.796967609,0.256637168,0.830218187,46,709,0 
 1607,5,0.02970912,0.025446129,0.025446129,1.622190742,1.622190742,0.856509035,0.856509035,1,1,61,1492,0 
 559,8,0.047610909,0.028496872,0.039935515,0.954167481,1.136432705,0.598536608,0.838789169,0.360279126,0.71357217,59,551,0 
 851,12,0.063768738,0.030368751,0.037709331,1.183510105,1.364027896,0.476232587,0.591345108,2.811550738,0.805337832,77,86,0 
 743,9,0.12040307,0.063766253,0.085256255,1.752405692,2.142273339,0.529606534,0.708090379,1.641183352,0.747936351,51,318,0 
 549,2,0.051754545,0.030801441,0.042195279,0.962633181,1.133314089,0.595144651,0.815296102,2.964813138,0.729973625,49,534,0 
 413,2,0.06907716,0.039712659,0.056278852,0.933329886,1.10260014,0.574902895,0.814724464,2.765625,0.70564089,32,147,0 
 425,12,0.049607423,0.039021032,0.046953869,1.031889525,1.224778849,0.786596639,0.946508924,0.607142857,0.83105042,68,1641,0 
 615,3,0.076008629,0.052460264,0.063196898,1.125067935,1.231510194,0.690188261,0.831443725,0.221901862,0.830108208,48,581,0 
 730,3,0.049879943,0.030216096,0.039608006,1.10631362,1.266573066,0.605776482,0.794066782,3.200309787,0.762878508,100,591,0 
 431,2,0.070835623,0.041069403,0.056917462,0.938284412,1.104193776,0.579784594,0.803514664,0.310219972,0.721560688,34,157,0 
 823,4,0.028683809,0.023838435,0.025092158,1.072275784,1.091125313,0.831076315,0.8747847,0.545098039,0.950035266,54,525,0 
 894,2,0.087429717,0.051468332,0.064676382,1.545114022,1.743509913,0.588682361,0.739752845,3.404160471,0.79578249,88,921,0 
 810,6,0.05816963,0.035928326,0.047312463,1.198098467,1.378516192,0.617647495,0.813353342,0.266633318,0.759383976,84,451,0 
 920,4,0.041296494,0.017720259,0.027829463,1.043869066,1.186499112,0.429098397,0.673894092,1.164383562,0.636744561,78,355,0 
 1745,18,0.035992615,0.028243617,0.028243617,1.80053058,1.80053058,0.784705882,0.784705882,1,1,100,909,0 
 763,3,0.029563303,0.025098405,0.026740109,1.035558723,1.059863238,0.8489716,0.904503425,0.47843137,0.93860518,68,2721,0 
 779,2,0.027931715,0.024816069,0.025110302,1.040805517,1.044905304,0.888454902,0.898988937,2.04,0.988282353,48,1704,0 
 1068,29,0.147997925,0.049412401,0.072697203,1.813497703,2.174180824,0.333872254,0.491204205,0.530278997,0.679701539,61,372,0 
 1656,1,0.034637346,0.02756925,0.02756925,1.757539674,1.757539674,0.795940023,0.795940023,1,1,59,715,0 
 749,6,0.072128673,0.04758873,0.057706113,1.272771438,1.404982374,0.659775489,0.800044022,4.51754937,0.824673982,76,858,0 
 837,9,0.038499439,0.017240911,0.025338966,0.987535563,1.108037262,0.447822398,0.658164538,1.225961538,0.680411011,100,594,0 
 887,7,0.078817151,0.050965979,0.063534586,1.536870891,1.749638538,0.646635644,0.806101017,0.359649123,0.802176936,60,379,0 
 1004,10,0.0447189,0.02230098,0.039890707,1.223708942,1.427300311,0.498692488,0.892032375,1.01376147,0.559052005,96,422,0 
 1060,3,0.050197511,0.019403008,0.030464143,1.186454186,1.350545733,0.386533263,0.606885529,1.085106394,0.636912967,93,637,0 
 481,2,0.051702328,0.030798608,0.041768961,0.956301603,1.148231547,0.595690943,0.807873899,2.29383014,0.737356342,58,1068,0 
 858,11,0.038147734,0.018061337,0.026357623,1.026256974,1.150045348,0.473457676,0.690935485,0.803921569,0.685241511,100,321,0 
 472,2,0.055688804,0.03190163,0.045018231,0.96513905,1.177629074,0.572855359,0.808389262,0.470899471,0.708638012,73,149,0 
 1084,4,0.066543982,0.044372364,0.056315637,1.585978864,1.828081964,0.666812571,0.846291961,0.317864348,0.78792261,100,509,0 
 688,2,0.066383215,0.040728291,0.054076451,1.181659685,1.322494563,0.613532971,0.814610307,3.960570599,0.753161316,70,346,0 
 1549,6,0.028161944,0.025280352,0.025280352,1.611622451,1.611622451,0.897677816,0.897677816,1,1,26,20,0 
 508,2,0.059495329,0.034948803,0.047989762,0.956833031,1.117670085,0.587420957,0.806613947,0.29044118,0.728255393,57,745,0 
 401,3,0.062240159,0.046158694,0.057526088,1.097433914,1.348409842,0.741622366,0.924259974,0.5911602,0.802395848,57,451,0 
 1580,2,0.032009617,0.025062755,0.025062755,1.597750612,1.597750612,0.782975779,0.782975779,1,1,79,928,0 
 582,2,0.079373946,0.046116709,0.063905644,1.120524476,1.269417918,0.581005623,0.805121171,4.177341161,0.721637492,41,366,0 
 704,3,0.091734264,0.053693247,0.067247625,1.235557235,1.366017115,0.585312886,0.733069876,4.353900784,0.798440783,45,298,0 
 760,3,0.076748272,0.042716888,0.055124053,1.285474151,1.448617773,0.556584362,0.71824488,0.329218107,0.77492284,67,484,0 
 391,3,0.063926371,0.054335759,0.059175056,1.185256311,1.350262024,0.8499741,0.925675199,0.787878788,0.918220668,62,1243,0 
 638,20,0.037306667,0.018524078,0.032043437,0.894465027,1.036588169,0.496535314,0.858919848,1.371257485,0.578092723,100,804,0 
 1856,1,0.043347304,0.030266818,0.030266818,1.925718872,1.925718872,0.698239926,0.698239926,0.996078431,1,100,383,0 
 796,5,0.069047797,0.042931835,0.055093256,1.301502027,1.515854478,0.621769799,0.797900262,0.298115512,0.779257544,70,465,0 
 600,7,0.053473921,0.031966635,0.043169405,0.976871306,1.126999621,0.597798602,0.807298293,0.325301205,0.740492836,68,955,0 
 750,9,0.047849531,0.028097268,0.0383949,1.108248574,1.302719657,0.587200492,0.80240912,0.365071553,0.731796882,86,1833,0 
 1288,72,0.054829797,0.030099105,0.041340536,1.523545517,1.877557293,0.548955241,0.75397936,0.470175823,0.728077279,100,240,0 
 544,6,0.053553582,0.034866799,0.048105133,1.016326761,1.208650017,0.651063794,0.89826172,0.32585292,0.724804119,71,186,0 
 785,2,0.028277054,0.022860708,0.024348675,1.023496388,1.045346776,0.808454382,0.861075379,0.541176416,0.938889209,35,310,0 
 870,5,0.031507658,0.02727886,0.028952461,1.168408976,1.195319904,0.865785074,0.91890235,1.976744186,0.942194862,45,670,0 
 1040,12,0.01607931,0.016057549,0.016057549,1.02366876,1.02366876,0.998646674,0.998646674,1,1,64,1787,0 
 526,2,0.058160822,0.034126362,0.047199058,0.965361474,1.12637032,0.586758595,0.811526671,0.33941603,0.723030575,54,580,0 
 817,3,0.068779573,0.026455718,0.041075957,1.172009536,1.424187989,0.384644993,0.597211579,0.456816326,0.64406821,43,360,0 
 417,2,0.065068727,0.039757713,0.055554859,0.935011681,1.101757403,0.61101108,0.8537874,0.313955826,0.715647806,42,264,0 
 765,2,0.027673208,0.023689184,0.024727127,1.019865537,1.034320483,0.856033183,0.893540312,0.509803922,0.958024133,42,394,0 
 598,12,0.066633608,0.036605222,0.052848274,1.037866209,1.216164151,0.549350742,0.793117409,0.309030651,0.692647438,56,178,0 
 329,3,0.070299958,0.06086236,0.066452469,1.147886916,1.304942074,0.865752445,0.945270396,1.429780191,0.91587809,50,1785,0 
 770,25,0.060865554,0.029743433,0.043539547,1.076166351,1.254200569,0.488674313,0.715339694,3.533095249,0.683136022,78,520,0 
 1246,19,0.081722654,0.047281214,0.057435032,1.872678264,2.147775289,0.578557009,0.702804297,0.489626555,0.82321211,48,410,0 
 545,9,0.071322797,0.049659162,0.063318455,1.005053871,1.101231558,0.696259316,0.887773022,0.204687799,0.784276272,46,1770,0 
 721,10,0.092954014,0.056245719,0.069419086,1.344643508,1.472363128,0.605091881,0.746811061,0.246306287,0.810234224,46,559,0 
 619,15,0.045973399,0.020320078,0.036973054,0.904215997,1.047527616,0.441996417,0.804227103,1.483221477,0.549591545,100,568,0 
 638,14,0.059955443,0.032704177,0.048139984,1.043365517,1.246016678,0.545474697,0.802929335,0.349799011,0.679355796,71,398,0 
 593,5,0.069015277,0.039567479,0.055258119,1.028627218,1.194318921,0.57331478,0.800665026,0.269387755,0.716048237,58,1089,0 
 786,2,0.034845841,0.021696147,0.029461573,1.03734703,1.176046614,0.622632321,0.84548318,1.666666667,0.736421889,89,299,0 
 602,15,0.064451703,0.036078353,0.050763026,1.021303736,1.188371812,0.559773466,0.787613412,0.307053942,0.710721095,51,144,0 
 532,26,0.049840018,0.034779827,0.044447287,1.143032656,1.395631651,0.697829342,0.891799166,0.909048571,0.782496069,84,561,0 
 511,2,0.069251819,0.041136854,0.058082051,0.959641114,1.093694536,0.594018393,0.838707947,0.264573991,0.708254161,44,966,0 
 526,2,0.052476619,0.032208686,0.041956341,0.951524577,1.093528417,0.613772124,0.799524479,0.353982301,0.76767146,70,362,0 
 602,2,0.048345629,0.029585327,0.038838631,0.962836091,1.093763374,0.611954545,0.803353522,0.352,0.76175,79,115,0 
 1600,1,0.029789065,0.025408549,0.025408549,1.619795006,1.619795006,0.852948866,0.852948866,1,1,44,428,0 
 641,8,0.121317503,0.066320471,0.089858609,1.228121524,1.351709026,0.546668609,0.740689564,5.318181818,0.738053613,39,628,0 
 568,2,0.045681045,0.028179824,0.039085978,0.93362917,1.098093095,0.61688221,0.855627918,0.315929653,0.720970176,68,1623,0 
 580,2,0.063590485,0.037852621,0.050465089,1.036752299,1.191108681,0.595256051,0.793594972,3.665005864,0.750075381,54,398,0 
 730,2,0.071182232,0.040347728,0.055907165,1.239579118,1.431389777,0.56682302,0.785408986,3.323345102,0.721691539,54,445,0 
 705,7,0.086571248,0.055780559,0.067408657,1.220195201,1.303935193,0.64433123,0.77864947,5.503906658,0.827498451,66,1526,0 
 881,3,0.039861329,0.017944339,0.032785664,1.028730579,1.196670109,0.450169111,0.822493013,1.058295964,0.547322718,86,1150,0 
 513,2,0.076168415,0.050733281,0.062981413,1.018114032,1.120893856,0.666067177,0.826870475,0.200656096,0.805527827,34,287,0 
 599,2,0.038025196,0.024821288,0.031961417,0.929105803,1.081340959,0.652758978,0.840532617,0.442622944,0.776601603,80,2012,0 
 593,2,0.049143758,0.031306854,0.04000772,0.962685761,1.097271025,0.637046401,0.81409566,0.333333333,0.782520325,69,685,0 
 943,2,0.092846877,0.054480556,0.067875675,1.592803619,1.799380698,0.586778548,0.731049632,3.431579175,0.802652135,81,856,0 
 465,16,0.070669258,0.052101535,0.06267282,1.170735876,1.379094514,0.737258846,0.886847021,2.550470509,0.831325842,65,557,0 
 676,2,0.047034733,0.028003633,0.036013087,1.012745411,1.160856439,0.595381995,0.765670073,3.182117636,0.777596011,56,159,0 
 537,2,0.064390881,0.041026934,0.053575666,0.972851509,1.094513026,0.637154411,0.832038084,0.202755255,0.765775537,52,301,0 
 562,2,0.060876725,0.036875175,0.049645348,1.045084378,1.202938807,0.60573519,0.815506216,0.340807175,0.742772008,66,687,0 
 525,5,0.084088914,0.039076476,0.059261948,1.013528523,1.186202283,0.464704251,0.704753392,0.330143541,0.659385618,58,1161,0 
 1388,30,0.023694233,0.021918942,0.021918942,1.397332567,1.397332567,0.925074971,0.925074971,1,1,100,283,0 
 578,3,0.065635643,0.042611541,0.053606426,1.058872765,1.184486827,0.649213424,0.816727362,3.971953711,0.794896136,40,844,0 
 1008,6,0.015873266,0.015873266,0.015873266,1,1,1,1,0.992094862,1,81,468,1 
 787,3,0.043055739,0.01756128,0.026882885,0.973074019,1.097536522,0.407873149,0.624374033,1.301020408,0.653251301,100,986,1 
 1283,3,0.107892732,0.063225749,0.07436126,2.097381757,2.309908355,0.586005642,0.689214726,3.589078017,0.85025119,47,257,1 
 3820,3,0.097015888,0.06200811,0.06200811,3.953016992,3.953016992,0.639154171,0.639154171,1,1,100,547,1 
 644,19,0.057618763,0.039343827,0.048028017,1.102757362,1.22685529,0.682830123,0.833548212,0.291243058,0.819184917,46,172,1 
 579,2,0.047836715,0.036290152,0.041536725,1.039119353,1.122782356,0.758625495,0.868302206,3.720283283,0.873688319,44,189,1 
 573,2,0.032587031,0.025656127,0.031345125,1.012144398,1.146777776,0.787310988,0.961889564,0.655191238,0.818504554,68,475,1 
 655,2,0.030825247,0.028986776,0.02993334,1.087660915,1.171347474,0.940358293,0.971065705,1.87826087,0.968377617,84,545,1 
 1451,79,0.043601088,0.029792543,0.03219532,1.677757665,1.760528672,0.683298147,0.738406346,1.246305456,0.925368735,84,78,1 
 643,5,0.036198914,0.026616147,0.033779777,0.987465619,1.143013093,0.735274734,0.933171002,0.42438131,0.7879314,98,658,1 
 785,2,0.028360159,0.025160249,0.025347517,1.055240594,1.059382295,0.887168842,0.893772025,2.040000005,0.992612005,26,154,1 
 2400,4,0.063536128,0.047710627,0.050808939,2.725013909,2.980832323,0.750921218,0.799685798,0.990881876,0.939020326,41,56,1 
 850,4,0.020873529,0.019587619,0.02005024,1.005986909,1.015347881,0.938395172,0.960558252,1.482558225,0.976926875,62,326,1 
 546,2,0.044479295,0.036174409,0.040191734,0.990409497,1.085350108,0.81328647,0.90360546,3.949265074,0.900045988,66,324,1 
 556,2,0.040098358,0.038135264,0.039585529,0.971752405,1.037292585,0.951043025,0.987210719,0.275423729,0.963363755,69,166,1 
 1394,113,0.11862811,0.054241806,0.088419165,2.089506801,2.582478773,0.457242437,0.745347495,2.182828181,0.613462096,100,842,1 
 4384,5,0.136301432,0.071344184,0.071344184,4.548191705,4.548191705,0.52342945,0.52342945,1,1,100,603,1 
 503,2,0.036809155,0.033453561,0.036242957,0.959056176,1.036898142,0.908838066,0.984618032,0.422726154,0.923036179,54,419,1 
 524,2,0.034714547,0.031772818,0.034276144,0.950416709,1.026579653,0.915259476,0.987371199,0.420792067,0.926965944,52,452,1 
 546,2,0.052384604,0.044116937,0.051160645,1.028361641,1.130848957,0.842173737,0.976635143,0.222656265,0.862321762,45,582,1 
 504,2,0.067252906,0.057341348,0.064937464,1.016990454,1.100666579,0.852622605,0.965571118,0.169625936,0.88302414,45,602,1 
 465,2,0.051549308,0.044069263,0.050471874,1.004917824,1.108402784,0.854895339,0.979098953,0.260531592,0.873144983,31,357,1 
 491,2,0.06264511,0.053740926,0.0607961,1.021589467,1.111310338,0.857863067,0.970484373,0.19107518,0.883953509,37,404,1 
 508,2,0.075823363,0.068069587,0.073572439,0.97715226,1.025220476,0.897738971,0.970313589,0.137539428,0.925204987,34,431,1 
 739,2,0.024303751,0.023032939,0.023585571,1.012704393,1.062558635,0.947711279,0.970449803,1.787471165,0.976569088,66,455,1 
 427,2,0.045531411,0.039412693,0.044753895,0.964786675,1.064059759,0.865615447,0.982923529,2.707547105,0.880653908,40,210,1 
 471,2,0.03933676,0.035913484,0.03878095,0.959563405,1.032317813,0.912975146,0.985870466,0.422222222,0.926059942,42,289,1 
 480,2,0.046293407,0.039367656,0.045366444,1.004800968,1.116362034,0.850394433,0.979976347,0.322643911,0.867770366,51,381,1 
 319,18,0.048599365,0.043345001,0.046140812,0.955402856,1.04182716,0.891884106,0.949411845,1.181780284,0.939406971,100,258,1 
 546,2,0.056439639,0.047629388,0.054751336,1.026213831,1.120453416,0.843899597,0.970086569,0.199063176,0.869921947,40,387,1 
 1011,2,0.015657086,0.015605201,0.015644172,0.994831415,1.002588627,0.996686129,0.999175185,1,0.997508889,44,281,1 
 1017,2,0.015665874,0.015659249,0.015664307,0.998277099,1.00092322,0.999577086,0.999900006,1,0.999677047,36,195,1 
 514,2,0.0394102,0.034368208,0.038728272,0.989529644,1.092156364,0.872063775,0.982696659,0.36475021,0.88741909,45,407,1 
 537,2,0.041024689,0.035382102,0.040334248,1.006305639,1.113814554,0.862458757,0.983170115,0.321441398,0.877222308,43,447,1 
 583,2,0.032554858,0.029446891,0.031966788,0.975108323,1.051023927,0.904531395,0.981936021,0.430285404,0.921171415,56,598,1 
 806,2,0.06001342,0.050095212,0.054929466,1.602451893,1.709849542,0.834733492,0.915286376,0.419411964,0.911991606,47,290,1 
 580,2,0.040750861,0.034491185,0.0399396,1.014393409,1.127205706,0.846391569,0.980092155,0.296847214,0.863583659,61,496,1 
 520,2,0.042303262,0.035473626,0.041558461,0.986031505,1.100419137,0.838555324,0.982393764,3.235023113,0.85358372,47,393,1 
 516,2,0.035725218,0.032364994,0.035234817,0.955751511,1.033490529,0.905942516,0.986272986,2.404170847,0.918551485,39,136,1 
 544,2,0.044958287,0.038651985,0.044193314,1.016230253,1.119688206,0.859729929,0.98298483,0.264044929,0.874611594,36,421,1 
 580,2,0.037971136,0.033659869,0.035224492,1.041475537,1.092741598,0.886459376,0.927664975,0.434153601,0.955581379,78,202,1 
 1569,1,0.031166361,0.025549706,0.025549706,1.628793744,1.628793744,0.819784698,0.819784698,1,1,37,433,1 
 525,2,0.073431621,0.066256304,0.071373559,0.974644322,1.019755955,0.902285737,0.971973094,0.137001798,0.928303204,31,387,1 
 870,86,0.036754842,0.031680468,0.03330489,1.232689442,1.256318585,0.861939996,0.906136121,2.276785752,0.951225734,100,791,1 
 856,28,0.08530044,0.06278662,0.066384787,1.441467728,1.511164494,0.736064426,0.778246705,0.219607843,0.945798319,100,206,1 
 720,24,0.092735638,0.069063312,0.081925593,1.270602715,1.363698832,0.744733242,0.883431601,0.168627451,0.843000456,100,136,1 
 1017,2,0.036862424,0.024002806,0.032435355,1.258068556,1.380984882,0.651145627,0.879902946,0.698039216,0.740019828,49,514,1 
 879,52,0.072386726,0.054763161,0.064064505,1.435613698,1.544429475,0.756535948,0.885031106,0.258823529,0.854812834,100,322,1 
 1730,24,0.044470417,0.0306666,0.03089161,1.875199744,1.891558047,0.6895955,0.69465527,0.921568618,0.992716143,66,180,1 
 1198,18,0.021429422,0.019572177,0.020500244,1.232872235,1.287976529,0.91333198,0.956640081,0.976470585,0.95472895,62,185,1 
 884,15,0.022602436,0.021419902,0.022220324,1.08076602,1.101598573,0.947681108,0.9830942,1.526946108,0.963977926,62,544,1 
 1512,16,0.042764195,0.034214176,0.034662205,1.799200281,1.831134228,0.800065957,0.81054267,0.701960749,0.987074446,72,528,1 
 977,3,0.042162666,0.021904521,0.027076154,1.181580261,1.270631187,0.519524106,0.642183166,1.363636423,0.808996769,22,158,1 
 992,22,0.017991548,0.017076156,0.017843776,1.037192398,1.071186953,0.949121028,0.991786629,1.099137931,0.956981068,69,277,1 
 1105,17,0.017760701,0.017280117,0.017634848,1.10160746,1.120543514,0.972941176,0.992913979,1,0.97988466,100,327,1 
 1120,18,0.018299784,0.017606353,0.018012159,1.122404852,1.149699133,0.962107112,0.984282568,1,0.977470438,100,293,1 
 1007,19,0.017884409,0.016783644,0.017593085,1.03975678,1.073291844,0.93845113,0.983710716,0.945098033,0.95399096,100,503,1 
 576,2,0.04635205,0.038746788,0.04545957,1.021807778,1.103643785,0.835923922,0.980745623,0.232845542,0.852335104,54,379,1 
 615,30,0.031216305,0.021232257,0.030417542,0.904408072,1.074283609,0.680165604,0.974411999,0.561181435,0.698026712,100,254,1 
 591,18,0.034994597,0.024313915,0.033801768,0.949476531,1.120071594,0.694790552,0.965913921,0.587677725,0.719308974,100,251,1 
 511,2,0.080908274,0.074642437,0.079363778,0.966495608,1.012266795,0.922556284,0.980910537,8.344827586,0.940510117,29,252,1 
 354,2,0.059890847,0.0510961,0.058764766,0.972474903,1.072663728,0.853153724,0.981197772,3.405541399,0.869502305,28,71,1 
 404,2,0.047621978,0.043006159,0.046956048,0.949638268,1.02432305,0.90307377,0.986016333,0.38125,0.915881148,39,203,1 
 456,2,0.063582879,0.053907223,0.062118267,1.006443664,1.101856162,0.84782608,0.976965306,0.195863748,0.867815955,26,246,1 
 60,1,0.361292438,0.216757927,0.290571365,0.880361493,1.069872505,0.599951465,0.804255319,0.425795047,0.745971398,86,923,1 
 1504,1,0.027178259,0.024046855,0.024046855,1.532987009,1.532987009,0.884782776,0.884782776,1,1,28,282,1 
 430,2,0.061542393,0.051499831,0.060062233,0.996953409,1.092110308,0.836818791,0.975948934,0.216981157,0.857441165,23,299,1 
 1520,1,0.027672683,0.024343875,0.024343875,1.551922017,1.551922017,0.879707805,0.879707805,1,1,32,299,1 
 538,2,0.055635849,0.041372419,0.047524065,1.015561094,1.112834715,0.743628794,0.854198609,4.4588238,0.870557252,27,412,1 
 469,2,0.081467323,0.069693594,0.078847274,0.99986633,1.070746417,0.855479129,0.96783927,7.197062263,0.883906197,18,157,1 
 376,2,0.054239405,0.047223194,0.053153315,0.966919387,1.064206542,0.870643668,0.979975996,2.976878533,0.888433667,25,135,1 
 506,2,0.038815242,0.034696976,0.038203673,0.97244661,1.05568029,0.893900787,0.984244096,0.368507389,0.908210464,35,169,1 
 554,2,0.049191455,0.042003653,0.048260168,1.01622489,1.109516413,0.853881075,0.981068119,0.218051848,0.870358601,43,372,1 
 496,2,0.040955893,0.035797206,0.040338863,0.965619902,1.061631727,0.874042873,0.984934296,2.882797679,0.887412365,33,255,1 
 559,2,0.04645767,0.039218057,0.045738953,1.007525092,1.106164525,0.844167533,0.98452964,0.232169595,0.857432319,46,321,1 
 511,2,0.044140992,0.034873982,0.043358383,0.961070247,1.084312544,0.790058867,0.982270248,3.571688009,0.804319248,53,204,1 
 674,2,0.050408131,0.042521247,0.047685037,1.146131973,1.232398614,0.843539455,0.945979076,4.548386973,0.891710479,47,328,1 
 522,2,0.036905915,0.030861184,0.036367908,0.956147981,1.056094157,0.836212405,0.985422183,0.417910426,0.848582891,44,184,1 
 509,2,0.041969161,0.036282461,0.041219712,0.990665958,1.089557345,0.864502876,0.982142857,0.319331435,0.88022111,38,154,1 
 549,2,0.050845382,0.046173192,0.049893695,0.957364874,1.023042789,0.908109841,0.981282723,5.001255875,0.925431397,50,181,1 
 1526,1,0.02814854,0.024550808,0.024550808,1.565114021,1.565114021,0.87218762,0.87218762,1,1,39,391,1 
 554,2,0.037706298,0.032805542,0.037163213,0.982867958,1.079221993,0.870028185,0.985596953,0.337410115,0.882742365,55,260,1 
 504,2,0.061972646,0.05194179,0.060420141,1.011654716,1.098984055,0.838140582,0.974948542,0.183431967,0.859676738,35,293,1 
 509,2,0.062115472,0.052138638,0.060588577,1.012944729,1.1008746,0.839382465,0.975418436,0.181106222,0.86053578,35,303,1 
 468,2,0.043517389,0.037553064,0.042820984,0.966030568,1.070007639,0.862943865,0.983997083,0.335448798,0.876978072,44,233,1 
 753,2,0.025755666,0.022016734,0.024614514,0.981064347,1.020096059,0.854830692,0.955693164,1.86131406,0.894461448,34,408,1 
 740,2,0.025631507,0.024495426,0.025248856,0.993734904,1.004209576,0.955676388,0.985071078,0.466666667,0.970159829,55,180,1 
 1514,2,0.02704124,0.023512675,0.023512675,1.498933027,1.498933027,0.869511726,0.869511726,1,1,41,427,1 
 1533,4,0.052211132,0.036954256,0.037395943,1.871300315,1.880119235,0.707784994,0.716244626,0.658823489,0.988188907,37,164,1 
 1496,1,0.026939673,0.023184898,0.023184898,1.478037234,1.478037234,0.860622837,0.860622837,1,1,46,279,1 
 523,2,0.056547511,0.051010169,0.05518451,1.044759872,1.10625314,0.9020763,0.975896354,5.300913077,0.924356665,37,292,1 
 1515,1,0.027942104,0.023470723,0.023470723,1.496258594,1.496258594,0.839976932,0.839976932,1,1,37,267,1 
 1509,1,0.028060007,0.023556813,0.023569499,1.501746808,1.506728738,0.839515571,0.839967687,1,0.999461745,40,445,1 
 752,2,0.024973488,0.024491845,0.02468905,1.010532119,1.014424004,0.980713837,0.988610405,2.090163946,0.992012458,38,277,1 
 519,13,0.091649987,0.062142779,0.077806371,1.246418804,1.372008427,0.678044597,0.848951249,0.321212121,0.798684963,100,105,1 
 586,43,0.099321613,0.063900795,0.08553018,1.254990911,1.433205882,0.643372501,0.861143685,0.247474747,0.747113997,100,103,1 
 895,99,0.036007995,0.022061628,0.031154544,1.11716309,1.242709472,0.612686926,0.865211873,1.517857237,0.708135134,100,434,1 
 874,99,0.079842419,0.046248114,0.06230817,1.622590934,1.886963018,0.579242401,0.780389301,0.695906468,0.742248004,100,357,1 
 1038,13,0.016313581,0.016077752,0.016227487,1.024956709,1.044285997,0.985544022,0.994722546,1,0.99077278,100,445,1 
 1578,155,0.077904148,0.059554093,0.063693952,2.300093292,2.472264959,0.76445343,0.81759384,2.288288288,0.935003902,100,302,1 
 2231,5,0.17028283,0.087228955,0.100907651,3.313683244,3.678687901,0.512259254,0.592588525,0.480532222,0.864443425,100,668,1 
 973,4,0.073337217,0.043643895,0.055863175,1.466242782,1.652842737,0.595112502,0.761730223,3.559025533,0.781264133,51,166,1 
 2147,117,0.042088542,0.034706146,0.034899622,2.212516527,2.24309917,0.824598429,0.829195308,1,0.994456216,100,21,1 
 798,2,0.025346791,0.023387829,0.023630322,1.042160488,1.046138444,0.922713611,0.932280595,1.861313869,0.989738085,33,235,1 
 1490,1,0.026240561,0.023398389,0.023700361,1.491647283,1.52133424,0.891687812,0.903195657,1,0.987258747,25,43,1 
 1461,1,0.027286549,0.023162619,0.023577975,1.476616937,1.511963353,0.848865821,0.864087853,1,0.982383699,58,188,1 
 791,3,0.02447242,0.020379443,0.022624109,0.982313992,1.018466915,0.832751423,0.924473717,1.64516129,0.900784314,45,64,1 
 1593,4,0.034497415,0.02551111,0.02551111,1.626333287,1.626333287,0.739507882,0.739507882,1,1,51,218,1 
 1448,2,0.031007321,0.023198388,0.023624741,1.478897232,1.512319936,0.748158401,0.761908491,1,0.981953095,36,212,1 
 778,2,0.024294554,0.017161771,0.023964088,0.928595006,1.028203102,0.706404037,0.98639753,1.356383037,0.716145383,54,431,1 
 1240,3,0.032074624,0.020318122,0.023818455,1.295280249,1.385552857,0.633464052,0.742594963,1,0.853041138,28,206,1 
 814,13,0.028479174,0.021027123,0.023174139,1.033622452,1.070003293,0.738333333,0.813722312,0.62745098,0.907352941,61,395,1 
 732,2,0.02862102,0.025719684,0.026296911,1.0069466,1.01376554,0.898629186,0.918797126,0.443137255,0.978049627,49,637,1 
 2105,43,0.119058802,0.083038596,0.089372055,3.300024673,3.617423605,0.697458692,0.750654744,0.482940456,0.929133796,89,240,1 
 596,2,0.054971168,0.052395743,0.053663445,1.077653568,1.116951482,0.953149534,0.976210737,6.013769554,0.976376819,48,730,1 
 1701,1,0.043213002,0.027490513,0.027490513,1.752520225,1.752520225,0.636163014,0.636163014,1,1,56,211,1 
 1033,16,0.015927478,0.015918048,0.015918048,1.014775557,1.014775557,0.99940792,0.99940792,1,1,100,216,1 
 571,8,0.034208683,0.031092352,0.033766638,0.954337785,1.029317932,0.908902341,0.987077985,2.729703059,0.920800945,100,167,1 
 637,19,0.029384154,0.025894147,0.02854576,0.980256261,1.034692869,0.881228251,0.971467806,1.879310345,0.907110092,98,238,1 
 1567,25,0.048805104,0.031537802,0.032430132,1.825410419,1.869897916,0.646198839,0.664482381,1.202830218,0.972484533,97,245,1 
 845,21,0.030094548,0.01841014,0.027255278,1.019714881,1.161000993,0.611743346,0.905654994,0.877637131,0.675470626,100,157,1 
 689,8,0.030356983,0.017932821,0.029694243,0.909250741,1.04562597,0.590731321,0.978168455,0.794759825,0.603915735,100,197,1 
 1134,7,0.038556117,0.020610236,0.023217312,1.260273732,1.344320299,0.534551656,0.602169336,0.921568618,0.887709859,100,204,1 
 1280,9,0.057136349,0.035327138,0.036786546,1.632466618,1.680926229,0.618295336,0.643837892,1.868899091,0.96032766,75,376,1 
 582,2,0.064246575,0.035106783,0.047019686,0.96197035,1.070277404,0.5464382,0.731862917,0.290574339,0.746640099,30,66,1 
 1258,18,0.049017732,0.033122128,0.034094484,1.567008761,1.60044449,0.675717264,0.695554081,1.765105797,0.971480554,100,766,1 
 1535,7,0.029744161,0.024746547,0.024746547,1.577592376,1.577592376,0.831980008,0.831980008,1,1,61,679,1 
 632,15,0.031838511,0.025392001,0.029907108,1.004207737,1.098028432,0.797524752,0.939337534,1.553846154,0.849028941,100,166,1 
 1232,13,0.037660684,0.024941799,0.026474593,1.401745522,1.45423744,0.662276851,0.702976961,0.788235294,0.942103209,100,159,1 
 1496,1,0.025317353,0.023414226,0.024219681,1.492656714,1.540592034,0.924829133,0.956643468,1,0.966743792,15,16,1 
 1535,1,0.02600211,0.023803777,0.023803777,1.517490804,1.517490804,0.915455594,0.915455594,1,1,25,309,1 
 462,2,0.097428215,0.052050658,0.06959362,0.970309633,1.059514873,0.534246244,0.714306633,4.338071842,0.747922837,27,99,1 
 1480,1,0.026424162,0.023945309,0.023949176,1.526513449,1.53009,0.906189927,0.906336279,1,0.999838524,30,140,1 
 1505,1,0.026749597,0.024208745,0.024208745,1.543307511,1.543307511,0.905013456,0.905013456,1,1,31,307,1 
 867,2,0.029003783,0.022893065,0.026242073,1.085588022,1.135950353,0.789313076,0.904781043,0.592156863,0.87238021,39,360,1 
 556,2,0.040098358,0.038135264,0.039585529,0.971752405,1.037292585,0.951043025,0.987210719,0.275423729,0.963363755,69,166,1 
 1274,2,0.036124945,0.031089267,0.031370024,1.545724158,1.551257205,0.860603873,0.868375695,0.639215686,0.991050162,36,603,1 
 1933,1,0.036329226,0.030688915,0.030987946,1.956418121,1.978385515,0.844744531,0.852975659,1,0.990350102,36,446,1 
 642,2,0.051229148,0.047929582,0.049957409,1.075182053,1.114932206,0.935592033,0.975175495,5.946074811,0.959408884,77,814,1 
 637,11,0.032280408,0.028018834,0.030342459,1.053853637,1.173313014,0.86798263,0.939965155,0.481481438,0.923420007,84,508,1 
 1194,2,0.038588752,0.034652051,0.035988253,1.565921782,1.587522334,0.897983193,0.932609929,0.549019608,0.962871148,40,456,1 
 1955,1,0.036240006,0.030963546,0.03119018,1.973925833,1.992404593,0.854402358,0.860656055,1,0.992733802,39,474,1 
 1867,1,0.034212594,0.029482819,0.029833333,1.879529478,1.900853374,0.861753378,0.871998568,1,0.988250909,39,469,1 
 1949,1,0.036746957,0.030794826,0.03125628,1.963170144,1.989114099,0.838023837,0.850581441,1,0.985236448,34,472,1 
 1921,2,0.03602225,0.030364229,0.030614695,1.935719395,1.953982459,0.842929844,0.849882933,1,0.991818769,29,332,1 
 1894,1,0.035003434,0.029929894,0.03015854,1.908030528,1.925954386,0.855055952,0.861588049,1,0.992418538,16,199,1 
 628,2,0.042485135,0.037955546,0.041447311,1.02423942,1.095376676,0.893384161,0.975572072,4.829515275,0.915754138,81,595,1 
 1947,1,0.03693558,0.030865997,0.03108325,1.967707062,1.984437973,0.835671096,0.841553031,1,0.993010618,29,306,1 
 738,2,0.025666676,0.024094726,0.025096152,0.985372338,1.010518524,0.938755229,0.977771799,0.46109769,0.960096446,33,317,1 
 744,5,0.025442137,0.023511908,0.024759598,0.98174822,1.011485882,0.924132605,0.973172897,0.471352605,0.949607832,34,357,1 
 1605,1,0.028283454,0.02521153,0.025313914,1.607235023,1.61782697,0.891387928,0.895007875,1,0.995955402,33,350,1 
 812,2,0.087492391,0.056648684,0.06520322,1.553912152,1.735946179,0.647469837,0.745244469,0.321936812,0.868801935,35,136,1 
 1931,1,0.035044893,0.030658151,0.030704426,1.954457102,1.961837083,0.874825067,0.876145517,1,0.998492887,24,287,1 
 751,2,0.02474264,0.022594382,0.024378207,0.982592909,1.011235651,0.913175876,0.98527102,0.517647059,0.926827094,36,53,1 
 1981,1,0.036148648,0.031465306,0.031487339,2.00591326,2.011549192,0.870442138,0.871051639,1,0.999300269,17,171,1 
 2007,1,0.037265387,0.031890633,0.031913945,2.033027823,2.038753808,0.855770857,0.856396445,1,0.999269512,34,346,1 
 1899,4,0.034776237,0.030115072,0.030125727,1.91983582,1.92344933,0.865966936,0.866273345,1,0.99964629,35,397,1 
 500,2,0.089984317,0.083460086,0.087943628,0.976898707,1.009295651,0.927495908,0.977321721,9.038461538,0.949018003,35,289,1 
 1517,1,0.031857514,0.024011086,0.02517285,1.530706714,1.575360058,0.753702422,0.790169934,1,0.95384852,48,288,1 
 1515,2,0.033326128,0.024540894,0.025754245,1.564482,1.61408861,0.736386005,0.772794397,1,0.952887351,48,447,1 
 1533,1,0.033136658,0.025047033,0.025089862,1.59674836,1.598311794,0.755870819,0.757163324,1,0.998292964,43,440,1 
 1513,1,0.029211498,0.024395476,0.024395476,1.555211565,1.555211565,0.835132641,0.835132641,1,1,32,381,1 
 1545,1,0.028865198,0.024976775,0.024976775,1.592269398,1.592269398,0.865290273,0.865290273,1,1,26,453,1 
 669,4,0.090847162,0.082048081,0.083749301,1.469941576,1.523507247,0.903144136,0.921870305,0.227979275,0.979686764,64,514,1 
 1429,1,0.026462792,0.023880813,0.023880813,1.522401812,1.522401812,0.902429835,0.902429835,1,1,19,58,1 
 1529,1,0.028704516,0.024781676,0.024879818,1.579831857,1.591374397,0.863337178,0.866756216,1,0.996055363,12,41,1 
 1524,1,0.029394846,0.024634712,0.024634712,1.570462887,1.570462887,0.838062284,0.838062284,1,1,27,91,1 
 1523,1,0.029162734,0.024714884,0.024716785,1.575573871,1.578112507,0.847481738,0.847546909,1,0.999923106,38,118,1 
 739,2,0.026213039,0.02473861,0.025485647,0.99783482,1.007154103,0.943752077,0.972250753,0.462745098,0.970687936,45,545,1 
 1017,58,0.070010995,0.051667847,0.060322427,1.602929779,1.806503231,0.737996174,0.861613624,0.321568627,0.856527977,100,53,1 
 861,106,0.053419189,0.039963779,0.047534273,1.31828172,1.454062209,0.748116543,0.889835172,2.865168688,0.84073609,100,30,1 
 775,59,0.073269708,0.057579078,0.066096638,1.376042381,1.481352324,0.785851064,0.902100464,0.255319149,0.871134752,100,96,1 
 864,54,0.077742755,0.058970478,0.069645544,1.529857007,1.677301727,0.75853342,0.895846107,0.291304348,0.846722907,100,89,1 
 954,62,0.067126988,0.051857759,0.059384012,1.586831009,1.721783083,0.772532189,0.884651824,0.356223176,0.873261285,100,143,1 
 732,29,0.101245164,0.0661944,0.081780534,1.306889101,1.405029192,0.653803084,0.807747566,0.190283401,0.809415109,100,579,1 
 1122,2,0.062482755,0.035330606,0.046181083,1.674404153,2.012483636,0.565445703,0.73910125,1.103964495,0.765044983,100,343,1 
 572,29,0.122929091,0.082552657,0.099863198,1.352219999,1.437654683,0.671546961,0.812364244,0.220994475,0.826657459,100,157,1 
 898,31,0.076430852,0.057917913,0.067402599,1.481536588,1.596700713,0.757781863,0.88187685,0.250980392,0.859283088,100,177,1 
 761,63,0.057649125,0.044883962,0.052752508,1.232582636,1.341533275,0.778571429,0.915061728,0.274509804,0.850840336,100,167,1 
 640,3,0.05574122,0.053003752,0.054050092,1.102950735,1.126967405,0.950889703,0.969661082,6.292285321,0.980641299,57,558,1 
 848,28,0.069968389,0.051818591,0.062755556,1.390919782,1.524253038,0.740600024,0.896912977,3.750000393,0.825721161,100,252,1 
 924,53,0.049649544,0.040480533,0.045919125,1.425434052,1.586304491,0.815325385,0.924864992,0.405737705,0.881561517,100,121,1 
 891,32,0.039071824,0.032749329,0.036867926,1.274279085,1.377811509,0.838182773,0.943593685,0.439215686,0.888287815,100,254,1 
 798,54,0.045241906,0.035571526,0.042099542,1.234467373,1.400981587,0.786251701,0.930543054,2.515463999,0.844938552,100,506,1 
 951,32,0.041986304,0.036291331,0.039763004,1.37667095,1.482818181,0.864361155,0.947047005,2.361111162,0.91269087,100,561,1 
 868,25,0.044967003,0.036343634,0.041877056,1.332670345,1.496322554,0.808228952,0.931284112,0.445378151,0.867865071,100,115,1 
 782,22,0.035672364,0.032585332,0.034707675,1.185126655,1.275785748,0.913461538,0.97295696,0.429752066,0.938850922,100,159,1 
 269,15,0.075369554,0.071211434,0.074277681,0.961354365,1.015772896,0.944830247,0.985513078,3,0.958719136,100,589,1 
 1452,33,0.043371403,0.029249623,0.03460297,1.692970689,1.814503586,0.674398816,0.797829155,0.831372549,0.845292268,100,719,1 
 1601,16,0.04330481,0.034118589,0.035929761,1.873125659,1.96081554,0.787870661,0.829694462,0.711790785,0.949591322,100,379,1 
 380,31,0.080711019,0.062174245,0.072981317,1.008718221,1.098470091,0.770331559,0.90422991,5.036364072,0.851920015,27,492,1 
 807,14,0.030138492,0.018806593,0.026734557,0.982448573,1.090744954,0.62400576,0.887056897,1.440677966,0.703456298,100,692,1 
 779,26,0.029158957,0.019139053,0.026525094,0.965683149,1.069039575,0.656369614,0.909672275,1.526946108,0.721545145,100,446,1 
 1543,1,0.026490325,0.023977767,0.023977767,1.528582674,1.528582674,0.905151865,0.905151865,1,1,33,414,1 
 1024,3,0.015775453,0.01577327,0.01577327,1.005545935,1.005545935,0.999861592,0.999861592,1,1,37,112,1 
 515,2,0.072805747,0.06706494,0.071613095,0.972810125,1.018573479,0.92114899,0.983618714,0.1375,0.936489899,38,509,1 
 1529,1,0.026999735,0.023762466,0.023762466,1.514857184,1.514857184,0.880099962,0.880099962,1,1,39,558,1 
 502,2,0.036872255,0.033121716,0.036395633,0.954797258,1.033335037,0.898282897,0.987073707,2.389492208,0.910046423,56,177,1 
 534,2,0.040356521,0.034149284,0.039609725,0.989564205,1.10095677,0.846190007,0.981495047,3.09843409,0.86214394,59,641,1 
 2148,4,0.077061903,0.037658117,0.046143043,2.40070493,2.732703163,0.488673587,0.598778925,1,0.816116878,100,790,1 
 791,2,0.028441014,0.019577489,0.02561885,0.980622464,1.065480317,0.68835413,0.900771312,1.545454545,0.764183007,48,661,1 
 547,2,0.058344371,0.04284606,0.047156515,1.040293215,1.118750296,0.734364934,0.808244477,0.223522474,0.908592579,32,304,1 
 512,2,0.040503072,0.034433884,0.039803617,0.982599418,1.093475367,0.850154867,0.982730816,2.941536305,0.865094341,51,446,1 
 648,2,0.037173803,0.031490142,0.036575234,1.011501271,1.121352749,0.847105731,0.983898078,3.489932747,0.860968987,91,534,1 
 607,2,0.035388076,0.030218347,0.034881277,0.979762768,1.089186916,0.853913245,0.985678828,3.219428695,0.866319962,85,243,1 
 739,2,0.025549703,0.024656015,0.025358017,0.994503344,1.003783741,0.965021602,0.992497522,2.161016949,0.972316384,31,418,1 
 727,2,0.026954881,0.025222332,0.026479828,0.993513825,1.008212247,0.935724114,0.982375991,2.236842105,0.95251118,35,294,1 
 753,4,0.024825297,0.023766474,0.024440061,0.99678467,1.005920552,0.95734902,0.984482119,2.04,0.972439216,28,217,1 
 779,2,0.02293154,0.021971562,0.022808182,0.992892122,1.006587559,0.958137255,0.994620607,1.821428571,0.963319328,100,23,1 
 920,4,0.031840473,0.027194441,0.029259388,1.22323196,1.286231623,0.854084082,0.918936968,0.545097985,0.929426186,53,176,1 
 712,5,0.028252658,0.024490413,0.027991747,0.976315911,1.014873759,0.8668357,0.99076507,2.198275862,0.874915483,64,267,1 
 1534,4,0.063278179,0.044437756,0.047177576,2.044805006,2.116042168,0.702260349,0.745558366,1.770833333,0.941925381,81,275,1 
 622,2,0.042995169,0.035956859,0.041079507,1.135260275,1.243315443,0.836299984,0.955444731,0.34709586,0.875299174,41,155,1 
 582,2,0.032604349,0.030380514,0.032252397,0.95195456,1.022269973,0.931793302,0.989205365,2.686046633,0.941961431,79,352,1 
 1504,4,0.056708999,0.023792052,0.023874295,1.516743341,1.527666308,0.419546328,0.42099659,1,0.996555171,100,1043,1 
 1478,3,0.034397102,0.024131134,0.024341702,1.538359783,1.559016305,0.701545559,0.707667248,1,0.991349481,78,251,1 
 889,3,0.030738349,0.025729467,0.02832322,1.173380346,1.234285492,0.837047777,0.92142944,0.556862745,0.908423088,45,513,1 
 1657,6,0.031901766,0.025960262,0.025960262,1.654966682,1.654966682,0.813756248,0.813756248,1,1,38,355,1 
 1557,1,0.028152442,0.024600753,0.024600753,1.568298034,1.568298034,0.87384083,0.87384083,1,1,29,208,1 
 786,3,0.023099395,0.020196002,0.022749132,0.977368575,1.018775809,0.874308698,0.984836686,0.611764706,0.887770236,28,168,1 
 740,2,0.025991461,0.024785609,0.02539063,0.999730549,1.007733926,0.953605849,0.976883532,0.462745098,0.976171486,29,173,1 
 818,4,0.031659811,0.028075977,0.030155936,1.138991324,1.172475905,0.88680178,0.952498938,0.466666667,0.931026528,47,393,1 
 1677,1,0.038970252,0.027478148,0.027478148,1.751731949,1.751731949,0.705105729,0.705105729,1,1,72,356,1 
 628,2,0.053279565,0.049257504,0.052013133,1.063832221,1.107534249,0.924510246,0.976230444,0.159509874,0.947020504,44,672,1 
 2088,1,0.038941639,0.032543891,0.032543891,2.074673059,2.074673059,0.835709343,0.835709343,1,1,48,351,1 
 1588,1,0.032793261,0.025122084,0.025122084,1.601532833,1.601532833,0.766074587,0.766074587,1,1,47,259,1 
 1523,1,0.031972972,0.024625703,0.024625703,1.569888587,1.569888587,0.770203768,0.770203768,1,1,50,368,1 
 1498,1,0.030656496,0.024132945,0.024132945,1.538475224,1.538475224,0.787204921,0.787204921,1,1,52,330,1 
 1735,1,0.034112042,0.027694892,0.028247897,1.765549184,1.815335491,0.81188024,0.828091668,1,0.980423149,36,372,1 
 769,2,0.032181334,0.025477672,0.026114796,1.051207252,1.059538502,0.791690968,0.811488913,2.090163946,0.975602939,79,355,1 
 502,2,0.058922053,0.050707056,0.057330495,1.018365198,1.115314151,0.860578565,0.972988757,0.200018701,0.884469176,49,519,1 
 1501,3,0.024500684,0.023293642,0.023293642,1.484969654,1.484969654,0.950734333,0.950734333,1,1,75,518,1 
 1526,3,0.025946116,0.024576288,0.024576288,1.566738388,1.566738388,0.947204921,0.947204921,1,1,67,408,1 
 441,4,0.072950932,0.061845982,0.070836767,1.004975564,1.08651824,0.847775077,0.971019365,5.894118167,0.873077414,64,312,1 
 1571,2,0.031561564,0.026408578,0.026586634,1.683546651,1.70111279,0.836732226,0.84237376,1,0.993302814,78,396,1 
 1611,2,0.031523456,0.026628776,0.026628776,1.697584451,1.697584451,0.84472895,0.84472895,1,1,51,434,1 
 554,3,0.039729189,0.037584694,0.038038754,1.053407762,1.087976563,0.946022168,0.957451045,2.443037975,0.988063226,45,395,1 
 977,4,0.016402368,0.015375344,0.016077668,0.980178181,1.022351058,0.937385621,0.98020407,1,0.956316801,80,376,1 
 2113,1,0.048486371,0.035724818,0.035724818,2.277457121,2.277457121,0.73680123,0.73680123,1,1,75,622,1 
 1419,8,0.025951676,0.023625105,0.023913426,1.506100423,1.540036334,0.910349865,0.921459815,1,0.987943099,88,362,1 
 1495,3,0.024368549,0.023201369,0.023201369,1.479087301,1.479087301,0.952103037,0.952103037,1,1,65,425,1 
 2005,2,0.03894477,0.032560582,0.032560582,2.075737126,2.075737126,0.836070742,0.836070742,1,1,66,487,1 
 892,4,0.019820774,0.01460961,0.019008922,0.931362642,1.028468546,0.737085736,0.959040339,1,0.768565936,76,431,1 
 1390,3,0.023871009,0.022179022,0.022179022,1.413912653,1.413912653,0.929119569,0.929119569,1,1,76,279,1 
 1420,4,0.024265969,0.022462021,0.022462021,1.43195385,1.43195385,0.925659362,0.925659362,1,1,82,278,1 
 1653,2,0.03286111,0.027567704,0.027567704,1.75744114,1.75744114,0.838915802,0.838915802,1,1,78,215,1 
 489,2,0.066549889,0.047511447,0.05271794,1.033962487,1.1137074,0.713922257,0.792156691,0.223459583,0.901238687,32,359,1 
 1379,3,0.024242991,0.022844335,0.022844335,1.456326352,1.456326352,0.942306805,0.942306805,1,1,42,172,1 
 464,2,0.054995821,0.051258758,0.05383933,1.044851715,1.106609766,0.932048226,0.978971299,0.224877806,0.952069001,36,394,1 
 1484,3,0.02604094,0.024465469,0.024465469,1.55967362,1.55967362,0.939500192,0.939500192,1,1,49,217,1 
 955,4,0.016684489,0.015100713,0.016341703,0.962670471,1.016655846,0.905074971,0.979454791,1,0.924059977,50,269,1 
 2162,1,0.058441699,0.034038639,0.034053302,2.169963214,2.175684514,0.582437524,0.582688432,1,0.999569396,100,889,1 
 619,8,0.056716726,0.043584278,0.046847659,1.015220311,1.02977591,0.768455452,0.825993714,4.473684211,0.930340557,100,942,1 
 1017,3,0.059384369,0.039493488,0.041895733,1.448738077,1.472832711,0.665048544,0.70550103,2.475728155,0.942661336,90,602,1 
 1893,2,0.037164434,0.030150201,0.030150201,1.922075301,1.922075301,0.811264898,0.811264898,1,1,45,321,1 
 1998,2,0.038631912,0.031159808,0.031159808,1.986437765,1.986437765,0.806582084,0.806582084,1,1,99,1005,1 
 1630,2,0.057297608,0.03804598,0.040255631,1.947177169,1.994160286,0.664006421,0.702570884,1.49122807,0.945109506,76,768,1 
 505,2,0.054116582,0.047486201,0.052838182,0.995410883,1.07791875,0.877479672,0.976376931,0.19528313,0.89870996,38,466,1 
 430,4,0.045692686,0.0406652,0.044969331,0.957324943,1.041711942,0.889971754,0.984169125,0.369921949,0.904287415,74,228,1 
 806,5,0.040209791,0.030482783,0.03559547,1.249884003,1.412056592,0.758093525,0.885243836,1.438848921,0.856366906,98,411,1 
 2313,81,0.054552289,0.04189641,0.04189641,2.670896121,2.670896121,0.768004614,0.768004614,1,1,36,222,1 
 791,8,0.109589619,0.068989869,0.079079166,1.543635234,1.691431494,0.629529238,0.721593588,0.262629126,0.872415232,100,892,1 
 802,3,0.03123814,0.015216591,0.027616405,0.91221876,1.0653885,0.487115776,0.884060485,0.943319838,0.550998245,72,418,1 
 1063,12,0.089899353,0.067651164,0.071887706,2.095198793,2.230768736,0.752521136,0.799646534,2.54322161,0.941067214,66,413,1 
 1090,2,0.061386673,0.022393499,0.034618886,1.311115061,1.575070156,0.364794144,0.563947917,1.019752892,0.646857861,37,205,1 
 1294,137,0.062249006,0.027959246,0.041024232,1.535730224,1.729095369,0.449151681,0.659034331,1.321243523,0.681530021,100,398,1 
 1726,9,0.037821487,0.028187114,0.028187114,1.796928522,1.796928522,0.745267205,0.745267205,1,1,80,485,1 
 979,5,0.064319585,0.045140322,0.054310748,1.599476739,1.817882687,0.701813019,0.844388962,0.481651376,0.831148973,26,365,1 
 781,4,0.033768954,0.017167795,0.033190444,0.937668031,1.096295854,0.508389894,0.982868599,0.977375566,0.517251131,45,741,1 
 405,2,0.097918872,0.087421992,0.094045033,1.027093891,1.086008431,0.892800235,0.960438282,7.920629345,0.929575853,27,152,1 
 1550,1,0.03498157,0.025480463,0.025480463,1.624379503,1.624379503,0.72839677,0.72839677,1,1,54,334,1 
 1467,14,0.027293855,0.02412122,0.02412122,1.537727762,1.537727762,0.883760092,0.883760092,1,1,92,1059,1 
 580,2,0.057961561,0.050825527,0.056372594,1.059024994,1.114347485,0.876883345,0.972585843,5.855072618,0.901599948,51,323,1 
 637,2,0.044085737,0.030627558,0.037758546,1.013423544,1.158860896,0.694727142,0.856479856,0.302259962,0.81114242,84,737,1 
 513,13,0.078699763,0.057383369,0.067019489,0.966865526,1.038842679,0.729142846,0.851584386,6.096184092,0.856219134,66,559,1 
 755,5,0.022735341,0.022102398,0.0225513,1.021725642,1.064530872,0.972160388,0.991905074,1.36875,0.980094178,99,960,1 
 459,2,0.117783136,0.068026367,0.092347278,1.017622487,1.082370338,0.577556089,0.784044997,7.437499817,0.736636406,19,253,1 
 534,5,0.052194464,0.041095438,0.047306334,0.947217787,1.035305624,0.787352419,0.906347731,0.239871522,0.868708988,61,757,1 
 569,2,0.031934007,0.030351625,0.030995109,1.054194653,1.100275131,0.950448363,0.970598798,0.528930844,0.979239172,43,479,1 
 442,2,0.082686286,0.069842991,0.078231055,1.01618576,1.08866122,0.844674424,0.946118862,0.155648667,0.892778336,37,479,1 
 569,2,0.031934007,0.030351625,0.030995109,1.054194653,1.100275131,0.950448363,0.970598798,0.528930844,0.979239172,43,479,1 
 1747,2,0.071801971,0.033890172,0.055516523,2.049132284,2.388029645,0.471995004,0.773189398,0.901960773,0.610451987,64,348,1 
 1714,1,0.051027135,0.027824208,0.027824208,1.773793249,1.773793249,0.545282584,0.545282584,1,1,65,393,1 
 990,11,0.036880355,0.026542701,0.031972691,1.269072903,1.354054066,0.719697552,0.866930131,0.6,0.830167884,44,178,1 
 709,2,0.037567136,0.035051858,0.036219757,1.238565601,1.300618116,0.933045789,0.964134105,1.701196312,0.967755195,42,419,1 
 456,2,0.035833959,0.03453307,0.035286005,1.057604124,1.10352985,0.96369676,0.984708526,0.551983291,0.978661944,49,477,1 
 533,8,0.099936203,0.072099239,0.080205279,1.534499983,1.694740789,0.721452657,0.802564806,1.968337205,0.898933833,100,790,1 
 526,2,0.032711261,0.031531922,0.032207783,1.075265089,1.122368529,0.963946986,0.98460842,0.551059539,0.979015582,49,481,1 
 1492,3,0.041911377,0.023594768,0.023594768,1.504166452,1.504166452,0.562968089,0.562968089,1,1,100,641,1 
 599,5,0.051277952,0.039093786,0.044615477,1.026794354,1.106399167,0.762389765,0.870071359,4.622744415,0.876238204,56,597,1 
 505,2,0.054116582,0.047486201,0.052838182,0.995410883,1.07791875,0.877479672,0.976376931,0.19528313,0.89870996,38,466,1 
 494,4,0.133091414,0.072757204,0.099248465,0.965574927,1.030493771,0.546670911,0.745716511,0.127929631,0.73308141,50,29,1 
 1181,9,0.115502183,0.062765209,0.070907376,1.968875654,2.1438698,0.54341145,0.613905069,0.386002589,0.885171791,100,581,1 
 534,5,0.052092446,0.041077697,0.047276364,0.947138649,1.034828616,0.788553811,0.907547409,0.239975119,0.868884428,68,740,1 
 545,2,0.045165574,0.040918954,0.044314665,1.01928009,1.089598215,0.905976614,0.981160237,0.230012311,0.923372737,78,648,1 
 600,2,0.049013778,0.041424729,0.047939243,1.032056358,1.122352652,0.845164994,0.978076884,0.215462472,0.864108955,74,465,1 
 522,2,0.082333447,0.063358199,0.07901625,0.968163779,1.014153017,0.769531713,0.959710209,6.885714286,0.801837582,37,443,1 
 829,2,0.036189333,0.01966016,0.030540381,1.030455741,1.166418116,0.543258427,0.843905611,0.698039216,0.643743115,39,279,1 
 1801,19,0.102976273,0.042907605,0.056699552,2.141015802,2.567455874,0.416674675,0.550607929,2.137261176,0.756753859,100,247,1 
 421,45,0.122586126,0.097096967,0.104029963,1.025562375,1.065100507,0.792071425,0.848627541,0.120012764,0.933355785,100,791,1 
 1149,3,0.037338849,0.033662591,0.035149644,1.564247901,1.676947092,0.901543352,0.941369233,0.603238866,0.957693666,100,351,1 
 568,2,0.054456441,0.051412452,0.052096802,1.108302349,1.137883139,0.944102315,0.956669237,4.8648244,0.98686388,64,564,1 
 1789,41,0.056807795,0.036934068,0.041782642,2.058279335,2.182040989,0.650158447,0.735508951,0.776470588,0.883957219,87,483,1 
 592,2,0.066244788,0.060278764,0.063683089,1.067711581,1.10328675,0.90993972,0.961329803,0.132169406,0.946542712,52,424,1 
 591,3,0.040201536,0.029209382,0.034497763,0.990439227,1.100093603,0.726573773,0.858120523,2.40625,0.846703644,25,144,1 
 430,2,0.065299881,0.045671083,0.051281184,1.003650774,1.114502003,0.699405298,0.785318194,0.313518203,0.890601165,30,442,1 
 1840,99,0.172062956,0.079121731,0.09042835,2.886983992,3.275388084,0.459841752,0.52555386,2.181754066,0.874965987,100,867,1 
 984,5,0.016281956,0.01628196,0.016281956,1.000000124,1,1.000000248,1,0.929411756,1.000000248,50,455,1 
 460,2,0.073216235,0.06452518,0.070949915,0.969408571,1.028006496,0.881296067,0.969046209,6.058112715,0.909446897,39,331,1 
 291,10,0.126788742,0.070848208,0.096310679,1.148486744,1.336709098,0.558789425,0.759615385,0.727272727,0.735621521,89,306,1 
 522,22,0.099281296,0.062650195,0.070870611,1.071874561,1.155639515,0.631037237,0.713836478,5.498971719,0.884008111,100,470,1 
 561,1,0.125367057,0.073392213,0.082484947,1.109815845,1.156252959,0.585418651,0.657947542,0.155832595,0.889764934,100,316,1 
 150,2,0.243816885,0.20968094,0.221305383,0.993950412,1.040197124,0.859993516,0.907670455,0.163857043,0.947473295,29,179,1 
 579,2,0.030819353,0.028451138,0.030620001,0.94087559,1.026520364,0.923158191,0.993531597,2.462365591,0.929168427,38,520,1 
 602,2,0.049118562,0.044055046,0.048078222,1.052339202,1.11408964,0.896912371,0.978819821,0.196695658,0.916320197,65,526,1 
 807,26,0.181781274,0.095518691,0.10988271,2.362237841,2.635448114,0.525459462,0.604477612,0.966114543,0.869278617,100,627,1 
 502,2,0.062128761,0.059845914,0.060852346,0.981094763,1.007684121,0.963256194,0.979455327,5.744723083,0.98346108,39,372,1 
 972,13,0.016501146,0.016501146,0.016501146,1,1,1,1,0.905882353,1,100,1145,1 
 517,2,0.095635404,0.052048491,0.074761176,0.976887081,1.070594702,0.544238734,0.781731169,0.193997588,0.696196794,24,134,1 
 340,18,0.053387346,0.046513319,0.049492006,1.021007718,1.113815013,0.871242401,0.927036277,1.198489783,0.939814787,100,389,1 
 2041,41,0.076769066,0.050372346,0.052931462,2.495824242,2.601995246,0.656154216,0.689489467,1.663027256,0.951652269,100,1545,1 
 476,6,0.098545757,0.073128735,0.080376408,0.981461676,1.036174945,0.742078984,0.815625253,0.137475021,0.909828356,90,777,1 
 784,3,0.06554413,0.037196658,0.047644822,1.258294634,1.457486245,0.567505552,0.726912104,0.35825254,0.780707252,63,517,1 
 2593,2,0.135742893,0.084778901,0.085880386,3.584871268,3.699467828,0.62455499,0.632669489,1.861538462,0.987174189,52,137,1 
 515,2,0.031652571,0.028651564,0.029869631,1.034354064,1.095861183,0.90518916,0.94367157,1.648176568,0.959220547,54,50,1 
 661,19,0.158073457,0.082446364,0.098801459,1.61051063,1.797316835,0.521569942,0.625035102,0.304173125,0.83446504,100,661,1 
 1871,3,0.043179357,0.032691147,0.032925325,2.084060373,2.120114059,0.757101296,0.762524685,1,0.992887589,47,117,1 
 567,2,0.051094894,0.039445098,0.044490165,0.986707524,1.058372145,0.771996865,0.87073602,3.857142857,0.886602652,33,221,1 
 525,7,0.058135492,0.047267335,0.051689896,1.180811558,1.274719114,0.813054706,0.889128045,0.423916593,0.914440513,100,227,1 
 1391,3,0.157383292,0.088659476,0.103536338,2.30009168,2.508539246,0.563334742,0.657861054,0.260430815,0.85631265,42,127,1 
 227,7,0.10141534,0.080682391,0.092305653,1.101268723,1.234937072,0.795563974,0.910174469,1.92378049,0.874078543,87,551,1 
 3445,22,0.114016223,0.055088115,0.05930146,3.511867334,3.715876225,0.483160323,0.520114229,1,0.928950404,100,1047,1 
 749,7,0.17336367,0.098039484,0.106372025,1.611128706,1.717334417,0.565513434,0.613577371,0.186602871,0.921666053,26,254,1 
 558,2,0.043990005,0.042483515,0.043461256,1.054872184,1.091349277,0.965753821,0.987980247,4.453488354,0.977503168,81,896,1 
 532,2,0.071119554,0.051632497,0.056782408,0.989448615,1.053108755,0.72599579,0.79840782,0.190893098,0.909304458,24,240,1 
 3113,6,0.16211295,0.07510169,0.098775465,3.957716781,4.560112448,0.463267678,0.609300272,1.163265332,0.760327377,80,125,1 
 935,5,0.036280166,0.030782543,0.034815225,1.303315736,1.423938748,0.848467522,0.95962144,0.453585519,0.884168993,49,138,1 
 789,9,0.050119135,0.042216878,0.04739359,1.380587538,1.559053379,0.842330529,0.945618664,2.287234043,0.890771895,93,222,1 
 1965,2,0.122006545,0.090432086,0.093368579,3.082005351,3.274060771,0.741206841,0.76527516,0.413133992,0.968549457,77,187,1 
 578,9,0.081634944,0.05695499,0.064872757,1.121181203,1.18869117,0.697679051,0.794668978,4.562500089,0.877949273,36,302,1 
 486,3,0.12099916,0.064268025,0.089715666,1.018003819,1.092061383,0.531144392,0.741456934,7.285579651,0.716352316,63,810,1 
 566,5,0.093502383,0.063446982,0.073477246,1.140229444,1.230627438,0.678560051,0.785832872,5.093023256,0.863491558,42,275,1 
 478,2,0.059329036,0.048076889,0.053648793,0.996492073,1.071913568,0.810343327,0.904258626,0.248870937,0.896141108,43,297,1 
 554,11,0.075725831,0.054565443,0.060160992,1.092794446,1.160290043,0.720565777,0.794457994,0.227576284,0.906990404,49,830,1 
 435,2,0.123261876,0.094308673,0.104756521,1.222020847,1.304164933,0.765108207,0.8498696,5.096774194,0.900265414,25,161,1 
 3113,6,0.16211295,0.07510169,0.098775465,3.957716781,4.560112448,0.463267678,0.609300272,1.163265332,0.760327377,80,125,1 
 514,3,0.060160673,0.04290037,0.049070364,1.036166674,1.129602538,0.713096582,0.815655178,3.993067714,0.874262312,36,399,1 
 380,2,0.077989296,0.056763948,0.063656523,1.008262608,1.097656417,0.727842809,0.816221285,3.391304348,0.891722408,20,129,1 
 1706,1,0.0303596,0.026631007,0.026631007,1.697726705,1.697726705,0.877185698,0.877185698,1,1,42,593,1 
 507,2,0.053312666,0.044927303,0.05159331,1.012737001,1.066223271,0.842713488,0.967749563,0.26997244,0.870797074,48,554,1 
 1002,2,0.136415378,0.094947861,0.104633381,2.007509284,2.152294667,0.69602022,0.767020425,0.256478796,0.90743375,31,311,1 
 470,2,0.116202178,0.057173448,0.081573166,0.977572925,1.076557297,0.492017012,0.701993439,5.054853691,0.700885485,24,222,1 
 2762,7,0.089189971,0.043686283,0.043686283,2.785000561,2.785000561,0.489811611,0.489811611,1,1,40,179,1 
 434,2,0.143824789,0.080468822,0.108935476,0.960983292,1.02770083,0.559492021,0.757417948,0.130434783,0.738683341,18,23,1 
 452,2,0.083090743,0.060704666,0.070087899,0.973762362,1.050894941,0.730582779,0.843510324,0.18446601,0.866121917,24,358,1 
 785,4,0.06101515,0.051413987,0.056339409,1.306675735,1.371493529,0.842642966,0.923367531,3.859375,0.912575911,52,299,1 
 1449,2,0.183894793,0.093638961,0.109671751,2.58656546,2.801561584,0.509198543,0.596383125,4.471187156,0.853811118,38,80,1 
 719,5,0.022211836,0.020964018,0.021803249,0.983660887,1.048466275,0.943821922,0.981604993,1.440251572,0.961508885,37,316,1 
 586,2,0.051240365,0.038271107,0.041892042,0.992090342,1.071559371,0.746893727,0.817559404,0.262878476,0.913565086,18,299,1 
 520,32,0.162218633,0.061271171,0.084797494,1.143907378,1.300565324,0.377707359,0.522735842,0.229779039,0.722558755,61,112,1 
 370,2,0.078813642,0.061605996,0.069951954,0.953836693,1.044491568,0.781666651,0.88756149,0.22128691,0.880690138,29,82,1 
 576,2,0.04330322,0.03902631,0.0425127,1.044736425,1.123095453,0.901233432,0.981744546,3.939075906,0.917991788,70,622,1 
 541,2,0.063556683,0.056973314,0.061407507,0.99814418,1.032933219,0.896417367,0.966184892,5.87804878,0.927790709,29,123,1 
 588,2,0.047741337,0.042378657,0.046405588,1.018771678,1.069737577,0.887672176,0.972021116,0.247933884,0.91322314,36,201,1 
 751,2,0.021066049,0.019513428,0.020242804,0.974476066,1.029785473,0.926297497,0.960920764,1.072538872,0.963968656,42,157,1 
 52,31,0.515250177,0.265064516,0.369842152,0.985902841,1.172897325,0.514438475,0.717791411,1.390909008,0.716696337,26,76,1 
 1712,1,0.036809993,0.028392237,0.028392237,1.810005085,1.810005085,0.771318724,0.771318724,1,1,59,766,1 
 548,2,0.097147409,0.060056238,0.07812061,1.006777618,1.063705149,0.618197013,0.804145078,8.490565723,0.768763038,26,528,1 
 1708,1,0.036758484,0.028343462,0.028343462,1.806895699,1.806895699,0.771072664,0.771072664,1,1,60,754,1 
 1675,1,0.03653822,0.027995216,0.027995216,1.784695051,1.784695051,0.766189927,0.766189927,1,1,56,536,1 
 677,2,0.106749993,0.082038324,0.087515996,1.445569976,1.538257944,0.768508941,0.819822031,0.208791223,0.937409477,27,322,1 
 570,2,0.064887572,0.060317178,0.062928676,1.016909921,1.054273899,0.929564411,0.969810915,0.156626506,0.958500669,39,386,1 
 499,2,0.116384347,0.084005576,0.090139246,1.128100595,1.178068094,0.721794453,0.774496298,6.483870781,0.931953394,30,223,1 
 878,4,0.034953014,0.016314494,0.029734819,0.968095901,1.122741239,0.46675499,0.850708307,0.870588235,0.548666313,59,671,1 
 827,15,0.084967471,0.069657859,0.072745816,1.445590633,1.490530134,0.819817965,0.856160781,5.899223138,0.957551412,40,291,1 
 718,34,0.110204675,0.07765422,0.090497582,1.321423845,1.424507544,0.704636347,0.821177342,0.135575671,0.858080601,53,334,1 
 568,10,0.064044813,0.037582109,0.046611766,1.09487139,1.234823656,0.586809562,0.727799228,2.295431785,0.806279452,89,452,1 
 734,29,0.401135317,0.085798195,0.109411762,1.362721473,1.453790075,0.21388841,0.272755246,0.122778946,0.784177071,40,165,1 
 605,2,0.048230737,0.032557279,0.038383978,1.051936754,1.195419655,0.675031757,0.795840583,2.747171565,0.848199716,35,77,1 
 718,34,0.110204675,0.07765422,0.090497582,1.321423845,1.424507544,0.704636347,0.821177342,0.135575671,0.858080601,53,334,1 
 878,4,0.034953014,0.016314494,0.029734819,0.968095901,1.122741239,0.46675499,0.850708307,0.870588235,0.548666313,59,671,1 
 740,4,0.034007197,0.01722135,0.033352326,0.920617854,1.075852983,0.506403117,0.980743186,1.057692316,0.516346301,64,358,1 
 3120,1,0.067431713,0.049319259,0.049319259,3.144102787,3.144102787,0.731395617,0.731395617,1,1,82,389,1 
 1071,2,0.091382258,0.066713894,0.078444312,2.090466954,2.363068045,0.730053021,0.858419496,0.398486752,0.850461837,48,253,1 
 538,2,0.061405633,0.039207009,0.048822682,0.963390834,1.09606026,0.638492062,0.795084746,0.261603377,0.803049066,39,184,1 
 504,2,0.069817201,0.060905416,0.066075938,1.014961453,1.069585098,0.872355457,0.946413451,0.169358638,0.921748793,36,417,1 
 1007,10,0.038104401,0.027757193,0.033364481,1.305240788,1.388057943,0.728451112,0.875607017,0.584313725,0.831938413,38,188,1 
 728,19,0.089077123,0.056391008,0.066201875,1.328556575,1.460479947,0.633058255,0.743197279,3.966101691,0.851803785,47,185,1 
 1471,3,0.032013722,0.024131774,0.024131774,1.538400597,1.538400597,0.753794694,0.753794694,1,1,57,593,1 
 489,2,0.06666026,0.047511447,0.052729467,1.033962487,1.113819867,0.712740201,0.791018016,0.223459583,0.901041678,32,354,1 
 505,2,0.054116582,0.047486201,0.052838182,0.995410883,1.07791875,0.877479672,0.976376931,0.19528313,0.89870996,38,466,1 
 568,2,0.054456441,0.051412452,0.052096802,1.108302349,1.137883139,0.944102315,0.956669237,4.8648244,0.98686388,64,564,1 
 1869,21,0.035840533,0.030341678,0.030341678,1.934281959,1.934281959,0.846574394,0.846574394,1,1,70,222,1 
 534,2,0.05504947,0.05259951,0.053905556,0.987342592,1.013857126,0.955495317,0.979220265,5.154496219,0.975771592,35,31,1 
 853,5,0.031544303,0.016271235,0.02912,0.96750743,1.128910999,0.515821669,0.923146089,0.900398406,0.55876494,36,22,1 
 598,2,0.05257927,0.03179068,0.042712587,0.950048171,1.067219483,0.604623843,0.812346521,0.312376663,0.744293016,46,32,1 
 785,2,0.028360159,0.025160249,0.025347517,1.055240594,1.059382295,0.887168842,0.893772025,2.040000005,0.992612005,26,154,1 
 785,2,0.028360159,0.025160249,0.025347517,1.055240594,1.059382295,0.887168842,0.893772025,2.040000005,0.992612005,26,154,1 
 575,2,0.033637586,0.031926013,0.033174974,0.961366085,1.025487976,0.949117241,0.986247164,0.354311642,0.962352315,51,397,1 
 551,2,0.032026528,0.027512671,0.031123628,0.91854339,1.035530057,0.859058805,0.971807759,0.410530061,0.883980188,72,358,1 
